yearID,teamID,G,W,L,WSWin
1871,BS1,31,20,10,
1871,CH1,28,19,9,
1871,CL1,29,10,19,
1871,FW1,19,7,12,
1871,NY2,33,16,17,
1871,PH1,28,21,7,
1871,RC1,25,4,21,
1871,TRO,29,13,15,
1871,WS3,32,15,15,
1872,BL1,58,35,19,
1872,BR1,29,3,26,
1872,BR2,37,9,28,
1872,BS1,48,39,8,
1872,CL1,22,6,16,
1872,MID,24,5,19,
1872,NY2,56,34,20,
1872,PH1,47,30,14,
1872,TRO,25,15,10,
1872,WS3,9,2,7,
1872,WS4,11,0,11,
1873,BL1,57,34,22,
1873,BL4,6,0,6,
1873,BR2,55,17,37,
1873,BS1,60,43,16,
1873,ELI,23,2,21,
1873,NY2,53,29,24,
1873,PH1,52,28,23,
1873,PH2,53,36,17,
1873,WS5,39,8,31,
1874,BL1,47,9,38,
1874,BR2,56,22,33,
1874,BS1,71,52,18,
1874,CH2,59,28,31,
1874,HR1,53,16,37,
1874,NY2,65,42,23,
1874,PH1,55,33,22,
1874,PH2,58,29,29,
1875,BR2,44,2,42,
1875,BS1,82,71,8,
1875,CH2,69,30,37,
1875,HR1,86,54,28,
1875,KEO,13,1,12,
1875,NH1,47,7,40,
1875,NY2,71,30,38,
1875,PH1,77,53,20,
1875,PH2,70,37,31,
1875,PH3,14,2,12,
1875,SL1,19,4,15,
1875,SL2,70,39,29,
1875,WS6,28,5,23,
1876,BSN,70,39,31,
1876,CHN,66,52,14,
1876,CN1,65,9,56,
1876,HAR,69,47,21,
1876,LS1,69,30,36,
1876,NY3,57,21,35,
1876,PHN,60,14,45,
1876,SL3,64,45,19,
1877,BSN,61,42,18,
1877,CHN,60,26,33,
1877,CN1,58,15,42,
1877,HAR,60,31,27,
1877,LS1,61,35,25,
1877,SL3,60,28,32,
1878,BSN,60,41,19,
1878,CHN,61,30,30,
1878,CN1,61,37,23,
1878,IN1,63,24,36,
1878,ML2,61,15,45,
1878,PRO,62,33,27,
1879,BFN,79,46,32,
1879,BSN,84,54,30,
1879,CHN,83,46,33,
1879,CL2,82,27,55,
1879,CN1,81,43,37,
1879,PRO,85,59,25,
1879,SR1,71,22,48,
1879,TRN,77,19,56,
1880,BFN,85,24,58,
1880,BSN,86,40,44,
1880,CHN,86,67,17,
1880,CL2,85,47,37,
1880,CN1,83,21,59,
1880,PRO,87,52,32,
1880,TRN,83,41,42,
1880,WOR,85,40,43,
1881,BFN,83,45,38,
1881,BSN,83,38,45,
1881,CHN,84,56,28,
1881,CL2,85,36,48,
1881,DTN,84,41,43,
1881,PRO,85,47,37,
1881,TRN,85,39,45,
1881,WOR,83,32,50,
1882,BFN,84,45,39,
1882,BL2,74,19,54,
1882,BSN,85,45,39,
1882,CHN,84,55,29,
1882,CL2,84,42,40,
1882,CN2,80,55,25,
1882,DTN,86,42,41,
1882,LS2,79,42,38,
1882,PH4,75,41,34,
1882,PRO,84,52,32,
1882,PT1,79,39,39,
1882,SL4,79,37,43,
1882,TRN,85,35,48,
1882,WOR,84,18,66,
1883,BFN,98,52,45,
1883,BL2,96,28,68,
1883,BSN,98,63,35,
1883,CHN,98,59,39,
1883,CL2,100,55,42,
1883,CL5,97,32,65,
1883,CN2,98,61,37,
1883,DTN,101,40,58,
1883,LS2,98,52,45,
1883,NY1,98,46,50,
1883,NY4,97,54,42,
1883,PH4,98,66,32,
1883,PHI,99,17,81,
1883,PRO,98,58,40,
1883,PT1,98,31,67,
1883,SL4,98,65,33,
1884,ALT,25,6,19,
1884,BFN,114,64,47,N
1884,BL2,108,63,43,N
1884,BLU,105,58,47,
1884,BR3,109,40,64,N
1884,BSN,116,73,38,N
1884,BSU,109,58,51,
1884,CHN,112,62,50,N
1884,CHU,92,41,50,
1884,CL2,113,35,77,N
1884,CL5,110,69,39,N
1884,CN2,112,68,41,N
1884,CNU,103,69,36,
1884,DTN,114,28,84,N
1884,IN2,110,29,78,N
1884,KCU,82,16,63,
1884,LS2,110,68,40,N
1884,MLU,12,8,4,
1884,NY1,116,62,50,N
1884,NY4,112,75,32,N
1884,PH4,108,61,46,N
1884,PHI,113,39,73,N
1884,PHU,67,21,46,
1884,PRO,114,84,28,Y
1884,PT1,110,30,78,N
1884,RIC,45,12,30,N
1884,SL4,110,67,40,N
1884,SLU,113,94,19,
1884,SPU,9,2,6,
1884,TL1,109,46,58,N
1884,WIL,17,2,16,
1884,WS7,63,12,51,N
1884,WSU,112,47,65,
1885,BFN,112,38,74,N
1885,BL2,110,41,68,N
1885,BR3,112,53,59,N
1885,BSN,113,46,66,N
1885,CHN,113,87,25,N
1885,CN2,112,63,49,N
1885,DTN,108,41,67,N
1885,LS2,112,53,59,N
1885,NY1,112,85,27,N
1885,NY4,108,44,64,N
1885,PH4,113,55,57,N
1885,PHI,111,56,54,N
1885,PRO,110,53,57,N
1885,PT1,111,56,55,N
1885,SL4,112,79,33,N
1885,SL5,111,36,72,N
1886,BL2,139,48,83,N
1886,BR3,141,76,61,N
1886,BSN,118,56,61,N
1886,CHN,126,90,34,N
1886,CN2,141,65,73,N
1886,DTN,126,87,36,N
1886,KCN,123,30,91,N
1886,LS2,138,66,70,N
1886,NY1,124,75,44,N
1886,NY4,137,53,82,N
1886,PH4,139,63,72,N
1886,PHI,119,71,43,N
1886,PT1,140,80,57,N
1886,SL4,139,93,46,Y
1886,SL5,126,43,79,N
1886,WS8,122,28,92,N
1887,BL2,141,77,58,N
1887,BR3,138,60,74,N
1887,BSN,127,61,60,N
1887,CHN,127,71,50,N
1887,CL3,133,39,92,N
1887,CN2,135,81,54,N
1887,DTN,127,79,45,Y
1887,IN3,127,37,89,N
1887,LS2,137,76,60,N
1887,NY1,129,68,55,N
1887,NY4,138,44,89,N
1887,PH4,137,64,69,N
1887,PHI,128,75,48,N
1887,PIT,125,55,69,N
1887,SL4,137,95,40,N
1887,WS8,126,46,76,N
1888,BL2,137,57,80,N
1888,BR3,143,88,52,N
1888,BSN,137,70,64,N
1888,CHN,135,77,58,N
1888,CL3,135,50,82,N
1888,CN2,137,80,54,N
1888,DTN,134,68,63,N
1888,IN3,136,50,85,N
1888,KC2,132,43,89,N
1888,LS2,139,48,87,N
1888,NY1,137,84,47,Y
1888,PH4,136,81,52,N
1888,PHI,131,69,61,N
1888,PIT,138,66,68,N
1888,SL4,137,92,43,N
1888,WS8,136,48,86,N
1889,BL2,139,70,65,N
1889,BR3,138,93,44,N
1889,BSN,133,83,45,N
1889,CHN,136,67,65,N
1889,CL4,136,61,72,N
1889,CL6,139,60,78,N
1889,CN2,141,76,63,N
1889,IN3,135,59,75,N
1889,KC2,139,55,82,N
1889,LS2,140,27,111,N
1889,NY1,131,83,43,Y
1889,PH4,138,75,58,N
1889,PHI,130,63,64,N
1889,PIT,134,61,71,N
1889,SL4,140,90,45,N
1889,WS8,127,41,83,N
1890,BFP,134,36,96,
1890,BL3,38,15,19,N
1890,BR4,100,26,72,N
1890,BRO,129,86,43,N
1890,BRP,133,76,56,
1890,BSN,134,76,57,N
1890,BSP,133,81,48,
1890,CHN,139,83,53,N
1890,CHP,138,75,62,
1890,CIN,134,77,55,N
1890,CL4,136,44,88,N
1890,CL6,140,79,55,N
1890,CLP,131,55,75,
1890,LS2,134,88,44,N
1890,NY1,135,63,68,N
1890,NYP,132,74,57,
1890,PH4,132,54,78,N
1890,PHI,133,78,53,N
1890,PHP,132,68,63,
1890,PIT,138,23,113,N
1890,PTP,131,60,68,
1890,RC2,133,63,63,N
1890,SL4,138,77,58,N
1890,SR2,127,55,72,N
1890,TL2,134,68,64,N
1891,BL3,139,71,64,
1891,BRO,137,61,76,
1891,BS2,139,93,42,
1891,BSN,140,87,51,
1891,CHN,137,82,53,
1891,CIN,138,56,81,
1891,CL4,141,65,74,
1891,CL6,138,61,76,
1891,CN3,102,43,57,
1891,LS2,138,54,83,
1891,ML3,36,21,15,
1891,NY1,136,71,61,
1891,PH4,142,73,66,
1891,PHI,138,68,69,
1891,PIT,137,55,80,
1891,SL4,139,85,51,
1891,WS9,139,44,91,
1892,BLN,152,46,101,
1892,BRO,158,95,59,
1892,BSN,152,102,48,
1892,CHN,146,70,76,
1892,CIN,155,82,68,
1892,CL4,152,93,56,
1892,LS3,154,63,89,
1892,NY1,152,71,80,
1892,PHI,155,87,66,
1892,PIT,152,80,73,
1892,SLN,155,56,94,
1892,WAS,153,58,93,
1893,BLN,130,60,70,
1893,BRO,130,65,63,
1893,BSN,131,86,43,
1893,CHN,128,56,71,
1893,CIN,131,65,63,
1893,CL4,129,73,55,
1893,LS3,126,50,75,
1893,NY1,136,68,64,
1893,PHI,133,72,57,
1893,PIT,131,81,48,
1893,SLN,135,57,75,
1893,WAS,130,40,89,
1894,BLN,129,89,39,
1894,BRO,135,70,61,
1894,BSN,133,83,49,
1894,CHN,136,57,75,
1894,CIN,134,55,75,
1894,CL4,130,68,61,
1894,LS3,130,36,94,
1894,NY1,139,88,44,
1894,PHI,132,71,57,
1894,PIT,133,65,65,
1894,SLN,133,56,76,
1894,WAS,132,45,87,
1895,BLN,131,87,43,
1895,BRO,133,71,60,
1895,BSN,133,71,60,
1895,CHN,133,72,58,
1895,CIN,132,66,64,
1895,CL4,132,84,46,
1895,LS3,132,35,96,
1895,NY1,132,66,65,
1895,PHI,133,78,53,
1895,PIT,134,71,61,
1895,SLN,136,39,92,
1895,WAS,133,43,85,
1896,BLN,132,90,39,
1896,BRO,133,58,73,
1896,BSN,132,74,57,
1896,CHN,132,71,57,
1896,CIN,128,77,50,
1896,CL4,135,80,48,
1896,LS3,134,38,93,
1896,NY1,133,64,67,
1896,PHI,130,62,68,
1896,PIT,131,66,63,
1896,SLN,131,40,90,
1896,WAS,133,58,73,
1897,BLN,136,90,40,
1897,BRO,136,61,71,
1897,BSN,135,93,39,
1897,CHN,138,59,73,
1897,CIN,134,76,56,
1897,CL4,130,69,62,
1897,LS3,135,52,78,
1897,NY1,137,83,48,
1897,PHI,133,55,77,
1897,PIT,134,60,71,
1897,SLN,133,29,102,
1897,WAS,133,61,71,
1898,BLN,153,96,53,
1898,BRO,149,54,91,
1898,BSN,152,102,47,
1898,CHN,152,85,65,
1898,CIN,157,92,60,
1898,CL4,156,81,68,
1898,LS3,154,70,81,
1898,NY1,156,77,73,
1898,PHI,150,78,71,
1898,PIT,152,72,76,
1898,SLN,154,39,111,
1898,WAS,155,51,101,
1899,BLN,151,86,62,
1899,BRO,148,101,47,
1899,BSN,153,95,57,
1899,CHN,152,75,73,
1899,CIN,157,83,67,
1899,CL4,154,20,134,
1899,LS3,156,75,77,
1899,NY1,152,60,90,
1899,PHI,154,94,58,
1899,PIT,155,76,73,
1899,SLN,155,84,67,
1899,WAS,155,54,98,
1900,BRO,141,82,54,
1900,BSN,142,66,72,
1900,CHN,146,65,75,
1900,CIN,144,62,77,
1900,NY1,141,60,78,
1900,PHI,141,75,63,
1900,PIT,140,79,60,
1900,SLN,141,65,75,
1901,BLA,134,68,65,
1901,BOS,138,79,57,
1901,BRO,137,79,57,
1901,BSN,140,69,69,
1901,CHA,137,83,53,
1901,CHN,140,53,86,
1901,CIN,142,52,87,
1901,CLE,138,54,82,
1901,DET,135,74,61,
1901,MLA,139,48,89,
1901,NY1,141,52,85,
1901,PHA,137,74,62,
1901,PHI,140,83,57,
1901,PIT,140,90,49,
1901,SLN,142,76,64,
1901,WS1,138,61,72,
1902,BLA,140,50,88,
1902,BOS,138,77,60,
1902,BRO,141,75,63,
1902,BSN,141,73,64,
1902,CHA,138,74,60,
1902,CHN,143,68,69,
1902,CIN,141,70,70,
1902,CLE,137,69,67,
1902,DET,137,52,83,
1902,NY1,141,48,88,
1902,PHA,137,83,53,
1902,PHI,138,56,81,
1902,PIT,141,103,36,
1902,SLA,139,78,58,
1902,SLN,140,56,78,
1902,WS1,138,61,75,
1903,BOS,141,91,47,Y
1903,BRO,139,70,66,N
1903,BSN,140,58,80,N
1903,CHA,138,60,77,N
1903,CHN,139,82,56,N
1903,CIN,141,74,65,N
1903,CLE,140,77,63,N
1903,DET,137,65,71,N
1903,NY1,142,84,55,N
1903,NYA,136,72,62,N
1903,PHA,137,75,60,N
1903,PHI,139,49,86,N
1903,PIT,141,91,49,N
1903,SLA,139,65,74,N
1903,SLN,139,43,94,N
1903,WS1,140,43,94,N
1904,BOS,157,95,59,
1904,BRO,154,56,97,
1904,BSN,155,55,98,
1904,CHA,156,89,65,
1904,CHN,156,93,60,
1904,CIN,157,88,65,
1904,CLE,154,86,65,
1904,DET,162,62,90,
1904,NY1,157,106,47,
1904,NYA,155,92,59,
1904,PHA,155,81,70,
1904,PHI,155,52,100,
1904,PIT,156,87,66,
1904,SLA,156,65,87,
1904,SLN,154,75,79,
1904,WS1,157,38,113,
1905,BOS,153,78,74,N
1905,BRO,155,48,104,N
1905,BSN,156,51,103,N
1905,CHA,158,92,60,N
1905,CHN,155,92,61,N
1905,CIN,155,79,74,N
1905,CLE,155,76,78,N
1905,DET,154,79,74,N
1905,NY1,155,105,48,Y
1905,NYA,152,71,78,N
1905,PHA,152,92,56,N
1905,PHI,155,83,69,N
1905,PIT,155,96,57,N
1905,SLA,156,54,99,N
1905,SLN,154,58,96,N
1905,WS1,154,64,87,N
1906,BOS,155,49,105,N
1906,BRO,153,66,86,N
1906,BSN,152,49,102,N
1906,CHA,154,93,58,Y
1906,CHN,154,116,36,N
1906,CIN,155,64,87,N
1906,CLE,157,89,64,N
1906,DET,151,71,78,N
1906,NY1,152,96,56,N
1906,NYA,155,90,61,N
1906,PHA,149,78,67,N
1906,PHI,154,71,82,N
1906,PIT,154,93,60,N
1906,SLA,154,76,73,N
1906,SLN,154,52,98,N
1906,WS1,151,55,95,N
1907,BOS,155,59,90,N
1907,BRO,153,65,83,N
1907,BSN,152,58,90,N
1907,CHA,157,87,64,N
1907,CHN,155,107,45,Y
1907,CIN,156,66,87,N
1907,CLE,158,85,67,N
1907,DET,153,92,58,N
1907,NY1,155,82,71,N
1907,NYA,152,70,78,N
1907,PHA,150,88,57,N
1907,PHI,149,83,64,N
1907,PIT,157,91,63,N
1907,SLA,155,69,83,N
1907,SLN,155,52,101,N
1907,WS1,154,49,102,N
1908,BOS,155,75,79,N
1908,BRO,154,53,101,N
1908,BSN,156,63,91,N
1908,CHA,156,88,64,N
1908,CHN,158,99,55,Y
1908,CIN,155,73,81,N
1908,CLE,157,90,64,N
1908,DET,154,90,63,N
1908,NY1,157,98,56,N
1908,NYA,155,51,103,N
1908,PHA,157,68,85,N
1908,PHI,155,83,71,N
1908,PIT,155,98,56,N
1908,SLA,155,83,69,N
1908,SLN,154,49,105,N
1908,WS1,155,67,85,N
1909,BOS,152,88,63,N
1909,BRO,155,55,98,N
1909,BSN,155,45,108,N
1909,CHA,159,78,74,N
1909,CHN,155,104,49,N
1909,CIN,157,77,76,N
1909,CLE,155,71,82,N
1909,DET,158,98,54,N
1909,NY1,158,92,61,N
1909,NYA,153,74,77,N
1909,PHA,153,95,58,N
1909,PHI,154,74,79,N
1909,PIT,154,110,42,Y
1909,SLA,154,61,89,N
1909,SLN,154,54,98,N
1909,WS1,156,42,110,N
1910,BOS,158,81,72,N
1910,BRO,156,64,90,N
1910,BSN,157,53,100,N
1910,CHA,156,68,85,N
1910,CHN,154,104,50,N
1910,CIN,156,75,79,N
1910,CLE,161,71,81,N
1910,DET,155,86,68,N
1910,NY1,155,91,63,N
1910,NYA,156,88,63,N
1910,PHA,155,102,48,Y
1910,PHI,157,78,75,N
1910,PIT,154,86,67,N
1910,SLA,158,47,107,N
1910,SLN,153,63,90,N
1910,WS1,157,66,85,N
1911,BOS,153,78,75,N
1911,BRO,154,64,86,N
1911,BSN,156,44,107,N
1911,CHA,154,77,74,N
1911,CHN,157,92,62,N
1911,CIN,159,70,83,N
1911,CLE,156,80,73,N
1911,DET,154,89,65,N
1911,NY1,154,99,54,N
1911,NYA,153,76,76,N
1911,PHA,152,101,50,Y
1911,PHI,153,79,73,N
1911,PIT,155,85,69,N
1911,SLA,152,45,107,N
1911,SLN,158,75,74,N
1911,WS1,154,64,90,N
1912,BOS,154,105,47,Y
1912,BRO,153,58,95,N
1912,BSN,155,52,101,N
1912,CHA,158,78,76,N
1912,CHN,152,91,59,N
1912,CIN,155,75,78,N
1912,CLE,155,75,78,N
1912,DET,154,69,84,N
1912,NY1,154,103,48,N
1912,NYA,153,50,102,N
1912,PHA,153,90,62,N
1912,PHI,152,73,79,N
1912,PIT,152,93,58,N
1912,SLA,157,53,101,N
1912,SLN,153,63,90,N
1912,WS1,154,91,61,N
1913,BOS,151,79,71,N
1913,BRO,152,65,84,N
1913,BSN,154,69,82,N
1913,CHA,153,78,74,N
1913,CHN,155,88,65,N
1913,CIN,156,64,89,N
1913,CLE,155,86,66,N
1913,DET,153,66,87,N
1913,NY1,156,101,51,N
1913,NYA,153,57,94,N
1913,PHA,153,96,57,Y
1913,PHI,159,88,63,N
1913,PIT,155,78,71,N
1913,SLA,155,57,96,N
1913,SLN,153,51,99,N
1913,WS1,155,90,64,N
1914,BLF,160,84,70,
1914,BOS,159,91,62,N
1914,BRF,157,77,77,
1914,BRO,154,75,79,N
1914,BSN,158,94,59,Y
1914,BUF,155,80,71,
1914,CHA,157,70,84,N
1914,CHF,157,87,67,
1914,CHN,156,78,76,N
1914,CIN,157,60,94,N
1914,CLE,157,51,102,N
1914,DET,157,80,73,N
1914,IND,157,88,65,
1914,KCF,154,67,84,
1914,NY1,156,84,70,N
1914,NYA,157,70,84,N
1914,PHA,158,99,53,N
1914,PHI,154,74,80,N
1914,PIT,158,69,85,N
1914,PTF,154,64,86,
1914,SLA,159,71,82,N
1914,SLF,154,62,89,
1914,SLN,157,81,72,N
1914,WS1,158,81,73,N
1915,BLF,154,47,107,
1915,BOS,155,101,50,Y
1915,BRF,153,70,82,
1915,BRO,154,80,72,N
1915,BSN,157,83,69,N
1915,BUF,153,74,78,
1915,CHA,155,93,61,N
1915,CHF,155,86,66,
1915,CHN,156,73,80,N
1915,CIN,160,71,83,N
1915,CLE,154,57,95,N
1915,DET,156,100,54,N
1915,KCF,153,81,72,
1915,NEW,155,80,72,
1915,NY1,155,69,83,N
1915,NYA,154,69,83,N
1915,PHA,154,43,109,N
1915,PHI,153,90,62,N
1915,PIT,156,73,81,N
1915,PTF,156,86,67,
1915,SLA,159,63,91,N
1915,SLF,159,87,67,
1915,SLN,157,72,81,N
1915,WS1,155,85,68,N
1916,BOS,156,91,63,Y
1916,BRO,156,94,60,N
1916,BSN,158,89,63,N
1916,CHA,155,89,65,N
1916,CHN,156,67,86,N
1916,CIN,155,60,93,N
1916,CLE,157,77,77,N
1916,DET,155,87,67,N
1916,NY1,155,86,66,N
1916,NYA,156,80,74,N
1916,PHA,154,36,117,N
1916,PHI,154,91,62,N
1916,PIT,157,65,89,N
1916,SLA,158,79,75,N
1916,SLN,153,60,93,N
1916,WS1,159,76,77,N
1917,BOS,157,90,62,N
1917,BRO,156,70,81,N
1917,BSN,157,72,81,N
1917,CHA,156,100,54,Y
1917,CHN,157,74,80,N
1917,CIN,157,78,76,N
1917,CLE,156,88,66,N
1917,DET,154,78,75,N
1917,NY1,158,98,56,N
1917,NYA,155,71,82,N
1917,PHA,154,55,98,N
1917,PHI,154,87,65,N
1917,PIT,157,51,103,N
1917,SLA,155,57,97,N
1917,SLN,154,82,70,N
1917,WS1,157,74,79,N
1918,BOS,126,75,51,Y
1918,BRO,126,57,69,N
1918,BSN,124,53,71,N
1918,CHA,124,57,67,N
1918,CHN,131,84,45,N
1918,CIN,129,68,60,N
1918,CLE,129,73,54,N
1918,DET,128,55,71,N
1918,NY1,124,71,53,N
1918,NYA,126,60,63,N
1918,PHA,130,52,76,N
1918,PHI,125,55,68,N
1918,PIT,126,65,60,N
1918,SLA,123,58,64,N
1918,SLN,131,51,78,N
1918,WS1,130,72,56,N
1919,BOS,138,66,71,N
1919,BRO,141,69,71,N
1919,BSN,140,57,82,N
1919,CHA,140,88,52,N
1919,CHN,140,75,65,N
1919,CIN,140,96,44,Y
1919,CLE,139,84,55,N
1919,DET,140,80,60,N
1919,NY1,140,87,53,N
1919,NYA,141,80,59,N
1919,PHA,140,36,104,N
1919,PHI,138,47,90,N
1919,PIT,139,71,68,N
1919,SLA,140,67,72,N
1919,SLN,138,54,83,N
1919,WS1,142,56,84,N
1920,BOS,154,72,81,N
1920,BRO,155,93,61,N
1920,BSN,153,62,90,N
1920,CHA,154,96,58,N
1920,CHN,154,75,79,N
1920,CIN,154,82,71,N
1920,CLE,154,98,56,Y
1920,DET,155,61,93,N
1920,NY1,155,86,68,N
1920,NYA,154,95,59,N
1920,PHA,156,48,106,N
1920,PHI,153,62,91,N
1920,PIT,155,79,75,N
1920,SLA,154,76,77,N
1920,SLN,155,75,79,N
1920,WS1,153,68,84,N
1921,BOS,154,75,79,N
1921,BRO,152,77,75,N
1921,BSN,153,79,74,N
1921,CHA,154,62,92,N
1921,CHN,153,64,89,N
1921,CIN,153,70,83,N
1921,CLE,154,94,60,N
1921,DET,154,71,82,N
1921,NY1,153,94,59,Y
1921,NYA,153,98,55,N
1921,PHA,155,53,100,N
1921,PHI,154,51,103,N
1921,PIT,154,90,63,N
1921,SLA,154,81,73,N
1921,SLN,154,87,66,N
1921,WS1,154,80,73,N
1922,BOS,154,61,93,N
1922,BRO,155,76,78,N
1922,BSN,154,53,100,N
1922,CHA,155,77,77,N
1922,CHN,156,80,74,N
1922,CIN,156,86,68,N
1922,CLE,155,78,76,N
1922,DET,155,79,75,N
1922,NY1,156,93,61,Y
1922,NYA,154,94,60,N
1922,PHA,155,65,89,N
1922,PHI,154,57,96,N
1922,PIT,155,85,69,N
1922,SLA,154,93,61,N
1922,SLN,154,85,69,N
1922,WS1,154,69,85,N
1923,BOS,154,61,91,N
1923,BRO,155,76,78,N
1923,BSN,155,54,100,N
1923,CHA,156,69,85,N
1923,CHN,154,83,71,N
1923,CIN,154,91,63,N
1923,CLE,153,82,71,N
1923,DET,155,83,71,N
1923,NY1,153,95,58,N
1923,NYA,152,98,54,Y
1923,PHA,153,69,83,N
1923,PHI,155,50,104,N
1923,PIT,154,87,67,N
1923,SLA,154,74,78,N
1923,SLN,154,79,74,N
1923,WS1,155,75,78,N
1924,BOS,157,67,87,N
1924,BRO,154,92,62,N
1924,BSN,154,53,100,N
1924,CHA,154,66,87,N
1924,CHN,154,81,72,N
1924,CIN,153,83,70,N
1924,CLE,153,67,86,N
1924,DET,156,86,68,N
1924,NY1,154,93,60,N
1924,NYA,153,89,63,N
1924,PHA,152,71,81,N
1924,PHI,152,55,96,N
1924,PIT,153,90,63,N
1924,SLA,153,74,78,N
1924,SLN,154,65,89,N
1924,WS1,156,92,62,Y
1925,BOS,152,47,105,N
1925,BRO,153,68,85,N
1925,BSN,153,70,83,N
1925,CHA,154,79,75,N
1925,CHN,154,68,86,N
1925,CIN,153,80,73,N
1925,CLE,155,70,84,N
1925,DET,156,81,73,N
1925,NY1,152,86,66,N
1925,NYA,156,69,85,N
1925,PHA,153,88,64,N
1925,PHI,153,68,85,N
1925,PIT,153,95,58,Y
1925,SLA,154,82,71,N
1925,SLN,153,77,76,N
1925,WS1,152,96,55,N
1926,BOS,154,46,107,N
1926,BRO,155,71,82,N
1926,BSN,153,66,86,N
1926,CHA,155,81,72,N
1926,CHN,155,82,72,N
1926,CIN,157,87,67,N
1926,CLE,154,88,66,N
1926,DET,157,79,75,N
1926,NY1,151,74,77,N
1926,NYA,155,91,63,N
1926,PHA,150,83,67,N
1926,PHI,152,58,93,N
1926,PIT,157,84,69,N
1926,SLA,155,62,92,N
1926,SLN,156,89,65,Y
1926,WS1,152,81,69,N
1927,BOS,154,51,103,N
1927,BRO,154,65,88,N
1927,BSN,155,60,94,N
1927,CHA,153,70,83,N
1927,CHN,153,85,68,N
1927,CIN,153,75,78,N
1927,CLE,153,66,87,N
1927,DET,156,82,71,N
1927,NY1,155,92,62,N
1927,NYA,155,110,44,Y
1927,PHA,155,91,63,N
1927,PHI,155,51,103,N
1927,PIT,156,94,60,N
1927,SLA,155,59,94,N
1927,SLN,153,92,61,N
1927,WS1,157,85,69,N
1928,BOS,154,57,96,N
1928,BRO,155,77,76,N
1928,BSN,153,50,103,N
1928,CHA,155,72,82,N
1928,CHN,154,91,63,N
1928,CIN,153,78,74,N
1928,CLE,155,62,92,N
1928,DET,154,68,86,N
1928,NY1,155,93,61,N
1928,NYA,154,101,53,Y
1928,PHA,153,98,55,N
1928,PHI,152,43,109,N
1928,PIT,152,85,67,N
1928,SLA,154,82,72,N
1928,SLN,154,95,59,N
1928,WS1,155,75,79,N
1929,BOS,155,58,96,N
1929,BRO,153,70,83,N
1929,BSN,154,56,98,N
1929,CHA,152,59,93,N
1929,CHN,156,98,54,N
1929,CIN,155,66,88,N
1929,CLE,152,81,71,N
1929,DET,155,70,84,N
1929,NY1,152,84,67,N
1929,NYA,154,88,66,N
1929,PHA,151,104,46,Y
1929,PHI,154,71,82,N
1929,PIT,154,88,65,N
1929,SLA,154,79,73,N
1929,SLN,154,78,74,N
1929,WS1,153,71,81,N
1930,BOS,154,52,102,N
1930,BRO,154,86,68,N
1930,BSN,154,70,84,N
1930,CHA,154,62,92,N
1930,CHN,156,90,64,N
1930,CIN,154,59,95,N
1930,CLE,154,81,73,N
1930,DET,154,75,79,N
1930,NY1,154,87,67,N
1930,NYA,154,86,68,N
1930,PHA,154,102,52,Y
1930,PHI,156,52,102,N
1930,PIT,154,80,74,N
1930,SLA,154,64,90,N
1930,SLN,154,92,62,N
1930,WS1,154,94,60,N
1931,BOS,153,62,90,N
1931,BRO,153,79,73,N
1931,BSN,156,64,90,N
1931,CHA,156,56,97,N
1931,CHN,156,84,70,N
1931,CIN,154,58,96,N
1931,CLE,155,78,76,N
1931,DET,154,61,93,N
1931,NY1,153,87,65,N
1931,NYA,155,94,59,N
1931,PHA,153,107,45,N
1931,PHI,155,66,88,N
1931,PIT,155,75,79,N
1931,SLA,154,63,91,N
1931,SLN,154,101,53,Y
1931,WS1,156,92,62,N
1932,BOS,154,43,111,N
1932,BRO,154,81,73,N
1932,BSN,155,77,77,N
1932,CHA,152,49,102,N
1932,CHN,154,90,64,N
1932,CIN,155,60,94,N
1932,CLE,153,87,65,N
1932,DET,153,76,75,N
1932,NY1,154,72,82,N
1932,NYA,156,107,47,Y
1932,PHA,154,94,60,N
1932,PHI,154,78,76,N
1932,PIT,154,86,68,N
1932,SLA,154,63,91,N
1932,SLN,156,72,82,N
1932,WS1,154,93,61,N
1933,BOS,149,63,86,N
1933,BRO,157,65,88,N
1933,BSN,156,83,71,N
1933,CHA,151,67,83,N
1933,CHN,154,86,68,N
1933,CIN,153,58,94,N
1933,CLE,151,75,76,N
1933,DET,155,75,79,N
1933,NY1,156,91,61,Y
1933,NYA,152,91,59,N
1933,PHA,152,79,72,N
1933,PHI,152,60,92,N
1933,PIT,154,87,67,N
1933,SLA,153,55,96,N
1933,SLN,154,82,71,N
1933,WS1,153,99,53,N
1934,BOS,153,76,76,N
1934,BRO,153,71,81,N
1934,BSN,152,78,73,N
1934,CHA,153,53,99,N
1934,CHN,152,86,65,N
1934,CIN,152,52,99,N
1934,CLE,154,85,69,N
1934,DET,154,101,53,N
1934,NY1,153,93,60,N
1934,NYA,154,94,60,N
1934,PHA,153,68,82,N
1934,PHI,149,56,93,N
1934,PIT,151,74,76,N
1934,SLA,154,67,85,N
1934,SLN,154,95,58,Y
1934,WS1,155,66,86,N
1935,BOS,154,78,75,N
1935,BRO,154,70,83,N
1935,BSN,153,38,115,N
1935,CHA,153,74,78,N
1935,CHN,154,100,54,N
1935,CIN,154,68,85,N
1935,CLE,156,82,71,N
1935,DET,152,93,58,Y
1935,NY1,156,91,62,N
1935,NYA,149,89,60,N
1935,PHA,149,58,91,N
1935,PHI,156,64,89,N
1935,PIT,153,86,67,N
1935,SLA,155,65,87,N
1935,SLN,154,96,58,N
1935,WS1,154,67,86,N
1936,BOS,155,74,80,N
1936,BRO,156,67,87,N
1936,BSN,157,71,83,N
1936,CHA,153,81,70,N
1936,CHN,154,87,67,N
1936,CIN,154,74,80,N
1936,CLE,157,80,74,N
1936,DET,154,83,71,N
1936,NY1,154,92,62,N
1936,NYA,155,102,51,Y
1936,PHA,154,53,100,N
1936,PHI,154,54,100,N
1936,PIT,156,84,70,N
1936,SLA,155,57,95,N
1936,SLN,155,87,67,N
1936,WS1,153,82,71,N
1937,BOS,154,80,72,N
1937,BRO,155,62,91,N
1937,BSN,152,79,73,N
1937,CHA,154,86,68,N
1937,CHN,154,93,61,N
1937,CIN,155,56,98,N
1937,CLE,156,83,71,N
1937,DET,155,89,65,N
1937,NY1,152,95,57,N
1937,NYA,157,102,52,Y
1937,PHA,154,54,97,N
1937,PHI,155,61,92,N
1937,PIT,154,86,68,N
1937,SLA,156,46,108,N
1937,SLN,157,81,73,N
1937,WS1,158,73,80,N
1938,BOS,150,88,61,N
1938,BRO,151,69,80,N
1938,BSN,153,77,75,N
1938,CHA,149,65,83,N
1938,CHN,154,89,63,N
1938,CIN,151,82,68,N
1938,CLE,153,86,66,N
1938,DET,155,84,70,N
1938,NY1,152,83,67,N
1938,NYA,157,99,53,Y
1938,PHA,154,53,99,N
1938,PHI,151,45,105,N
1938,PIT,152,86,64,N
1938,SLA,156,55,97,N
1938,SLN,156,71,80,N
1938,WS1,152,75,76,N
1939,BOS,152,89,62,N
1939,BRO,157,84,69,N
1939,BSN,152,63,88,N
1939,CHA,155,85,69,N
1939,CHN,156,84,70,N
1939,CIN,156,97,57,N
1939,CLE,154,87,67,N
1939,DET,155,81,73,N
1939,NY1,151,77,74,N
1939,NYA,152,106,45,Y
1939,PHA,153,55,97,N
1939,PHI,152,45,106,N
1939,PIT,153,68,85,N
1939,SLA,156,43,111,N
1939,SLN,155,92,61,N
1939,WS1,153,65,87,N
1940,BOS,154,82,72,N
1940,BRO,156,88,65,N
1940,BSN,152,65,87,N
1940,CHA,155,82,72,N
1940,CHN,154,75,79,N
1940,CIN,155,100,53,Y
1940,CLE,155,89,65,N
1940,DET,155,90,64,N
1940,NY1,152,72,80,N
1940,NYA,155,88,66,N
1940,PHA,154,54,100,N
1940,PHI,153,50,103,N
1940,PIT,156,78,76,N
1940,SLA,156,67,87,N
1940,SLN,156,84,69,N
1940,WS1,154,64,90,N
1941,BOS,155,84,70,N
1941,BRO,157,100,54,N
1941,BSN,156,62,92,N
1941,CHA,156,77,77,N
1941,CHN,155,70,84,N
1941,CIN,154,88,66,N
1941,CLE,155,75,79,N
1941,DET,155,75,79,N
1941,NY1,156,74,79,N
1941,NYA,156,101,53,Y
1941,PHA,154,64,90,N
1941,PHI,155,43,111,N
1941,PIT,156,81,73,N
1941,SLA,157,70,84,N
1941,SLN,155,97,56,N
1941,WS1,156,70,84,N
1942,BOS,152,93,59,N
1942,BRO,155,104,50,N
1942,BSN,150,59,89,N
1942,CHA,148,66,82,N
1942,CHN,155,68,86,N
1942,CIN,154,76,76,N
1942,CLE,156,75,79,N
1942,DET,156,73,81,N
1942,NY1,154,85,67,N
1942,NYA,154,103,51,N
1942,PHA,154,55,99,N
1942,PHI,151,42,109,N
1942,PIT,151,66,81,N
1942,SLA,151,82,69,N
1942,SLN,156,106,48,Y
1942,WS1,151,62,89,N
1943,BOS,155,68,84,N
1943,BRO,153,81,72,N
1943,BSN,153,68,85,N
1943,CHA,155,82,72,N
1943,CHN,154,74,79,N
1943,CIN,155,87,67,N
1943,CLE,153,82,71,N
1943,DET,155,78,76,N
1943,NY1,156,55,98,N
1943,NYA,155,98,56,Y
1943,PHA,155,49,105,N
1943,PHI,157,64,90,N
1943,PIT,157,80,74,N
1943,SLA,153,72,80,N
1943,SLN,157,105,49,N
1943,WS1,153,84,69,N
1944,BOS,156,77,77,N
1944,BRO,155,63,91,N
1944,BSN,155,65,89,N
1944,CHA,154,71,83,N
1944,CHN,157,75,79,N
1944,CIN,155,89,65,N
1944,CLE,155,72,82,N
1944,DET,156,88,66,N
1944,NY1,155,67,87,N
1944,NYA,154,83,71,N
1944,PHA,155,72,82,N
1944,PHI,154,61,92,N
1944,PIT,158,90,63,N
1944,SLA,154,89,65,N
1944,SLN,157,105,49,Y
1944,WS1,154,64,90,N
1945,BOS,157,71,83,N
1945,BRO,155,87,67,N
1945,BSN,154,67,85,N
1945,CHA,150,71,78,N
1945,CHN,155,98,56,N
1945,CIN,154,61,93,N
1945,CLE,147,73,72,N
1945,DET,155,88,65,Y
1945,NY1,154,78,74,N
1945,NYA,152,81,71,N
1945,PHA,153,52,98,N
1945,PHI,154,46,108,N
1945,PIT,155,82,72,N
1945,SLA,154,81,70,N
1945,SLN,155,95,59,N
1945,WS1,156,87,67,N
1946,BOS,156,104,50,N
1946,BRO,157,96,60,N
1946,BSN,154,81,72,N
1946,CHA,155,74,80,N
1946,CHN,155,82,71,N
1946,CIN,156,67,87,N
1946,CLE,156,68,86,N
1946,DET,155,92,62,N
1946,NY1,154,61,93,N
1946,NYA,154,87,67,N
1946,PHA,155,49,105,N
1946,PHI,155,69,85,N
1946,PIT,155,63,91,N
1946,SLA,156,66,88,N
1946,SLN,156,98,58,Y
1946,WS1,155,76,78,N
1947,BOS,157,83,71,N
1947,BRO,155,94,60,N
1947,BSN,154,86,68,N
1947,CHA,155,70,84,N
1947,CHN,155,69,85,N
1947,CIN,154,73,81,N
1947,CLE,157,80,74,N
1947,DET,158,85,69,N
1947,NY1,155,81,73,N
1947,NYA,155,97,57,Y
1947,PHA,156,78,76,N
1947,PHI,155,62,92,N
1947,PIT,156,62,92,N
1947,SLA,154,59,95,N
1947,SLN,156,89,65,N
1947,WS1,154,64,90,N
1948,BOS,155,96,59,N
1948,BRO,155,84,70,N
1948,BSN,154,91,62,N
1948,CHA,154,51,101,N
1948,CHN,155,64,90,N
1948,CIN,153,64,89,N
1948,CLE,156,97,58,Y
1948,DET,154,78,76,N
1948,NY1,155,78,76,N
1948,NYA,154,94,60,N
1948,PHA,154,84,70,N
1948,PHI,155,66,88,N
1948,PIT,156,83,71,N
1948,SLA,155,59,94,N
1948,SLN,155,85,69,N
1948,WS1,154,56,97,N
1949,BOS,155,96,58,N
1949,BRO,156,97,57,N
1949,BSN,157,75,79,N
1949,CHA,154,63,91,N
1949,CHN,154,61,93,N
1949,CIN,156,62,92,N
1949,CLE,154,89,65,N
1949,DET,155,87,67,N
1949,NY1,156,73,81,N
1949,NYA,155,97,57,Y
1949,PHA,154,81,73,N
1949,PHI,154,81,73,N
1949,PIT,154,71,83,N
1949,SLA,155,53,101,N
1949,SLN,157,96,58,N
1949,WS1,154,50,104,N
1950,BOS,154,94,60,N
1950,BRO,155,89,65,N
1950,BSN,156,83,71,N
1950,CHA,156,60,94,N
1950,CHN,154,64,89,N
1950,CIN,153,66,87,N
1950,CLE,155,92,62,N
1950,DET,157,95,59,N
1950,NY1,154,86,68,N
1950,NYA,155,98,56,Y
1950,PHA,154,52,102,N
1950,PHI,157,91,63,N
1950,PIT,154,57,96,N
1950,SLA,154,58,96,N
1950,SLN,153,78,75,N
1950,WS1,155,67,87,N
1951,BOS,154,87,67,N
1951,BRO,158,97,60,N
1951,BSN,155,76,78,N
1951,CHA,155,81,73,N
1951,CHN,155,62,92,N
1951,CIN,155,68,86,N
1951,CLE,155,93,61,N
1951,DET,154,73,81,N
1951,NY1,157,98,59,N
1951,NYA,154,98,56,Y
1951,PHA,154,70,84,N
1951,PHI,154,73,81,N
1951,PIT,155,64,90,N
1951,SLA,154,52,102,N
1951,SLN,155,81,73,N
1951,WS1,154,62,92,N
1952,BOS,154,76,78,N
1952,BRO,155,96,57,N
1952,BSN,155,64,89,N
1952,CHA,156,81,73,N
1952,CHN,155,77,77,N
1952,CIN,154,69,85,N
1952,CLE,155,93,61,N
1952,DET,156,50,104,N
1952,NY1,154,92,62,N
1952,NYA,154,95,59,Y
1952,PHA,155,79,75,N
1952,PHI,154,87,67,N
1952,PIT,155,42,112,N
1952,SLA,155,64,90,N
1952,SLN,154,88,66,N
1952,WS1,157,78,76,N
1953,BOS,153,84,69,N
1953,BRO,155,105,49,N
1953,CHA,156,89,65,N
1953,CHN,155,65,89,N
1953,CIN,155,68,86,N
1953,CLE,155,92,62,N
1953,DET,158,60,94,N
1953,ML1,157,92,62,N
1953,NY1,155,70,84,N
1953,NYA,151,99,52,Y
1953,PHA,157,59,95,N
1953,PHI,156,83,71,N
1953,PIT,154,50,104,N
1953,SLA,154,54,100,N
1953,SLN,157,83,71,N
1953,WS1,152,76,76,N
1954,BAL,154,54,100,N
1954,BOS,156,69,85,N
1954,BRO,154,92,62,N
1954,CHA,155,94,60,N
1954,CHN,154,64,90,N
1954,CIN,154,74,80,N
1954,CLE,156,111,43,N
1954,DET,155,68,86,N
1954,ML1,154,89,65,N
1954,NY1,154,97,57,Y
1954,NYA,155,103,51,N
1954,PHA,156,51,103,N
1954,PHI,154,75,79,N
1954,PIT,154,53,101,N
1954,SLN,154,72,82,N
1954,WS1,155,66,88,N
1955,BAL,156,57,97,N
1955,BOS,154,84,70,N
1955,BRO,154,98,55,Y
1955,CHA,155,91,63,N
1955,CHN,154,72,81,N
1955,CIN,154,75,79,N
1955,CLE,154,93,61,N
1955,DET,154,79,75,N
1955,KC1,155,63,91,N
1955,ML1,154,85,69,N
1955,NY1,154,80,74,N
1955,NYA,154,96,58,N
1955,PHI,154,77,77,N
1955,PIT,154,60,94,N
1955,SLN,154,68,86,N
1955,WS1,154,53,101,N
1956,BAL,154,69,85,N
1956,BOS,155,84,70,N
1956,BRO,154,93,61,N
1956,CHA,154,85,69,N
1956,CHN,157,60,94,N
1956,CIN,155,91,63,N
1956,CLE,155,88,66,N
1956,DET,155,82,72,N
1956,KC1,154,52,102,N
1956,ML1,155,92,62,N
1956,NY1,154,67,87,N
1956,NYA,154,97,57,Y
1956,PHI,154,71,83,N
1956,PIT,157,66,88,N
1956,SLN,156,76,78,N
1956,WS1,155,59,95,N
1957,BAL,154,76,76,N
1957,BOS,154,82,72,N
1957,BRO,154,84,70,N
1957,CHA,155,90,64,N
1957,CHN,156,62,92,N
1957,CIN,154,80,74,N
1957,CLE,153,76,77,N
1957,DET,154,78,76,N
1957,KC1,154,59,94,N
1957,ML1,155,95,59,Y
1957,NY1,154,69,85,N
1957,NYA,154,98,56,N
1957,PHI,156,77,77,N
1957,PIT,155,62,92,N
1957,SLN,154,87,67,N
1957,WS1,154,55,99,N
1958,BAL,154,74,79,N
1958,BOS,155,79,75,N
1958,CHA,155,82,72,N
1958,CHN,154,72,82,N
1958,CIN,154,76,78,N
1958,CLE,153,77,76,N
1958,DET,154,77,77,N
1958,KC1,156,73,81,N
1958,LAN,154,71,83,N
1958,ML1,154,92,62,N
1958,NYA,155,92,62,Y
1958,PHI,154,69,85,N
1958,PIT,154,84,70,N
1958,SFN,154,80,74,N
1958,SLN,154,72,82,N
1958,WS1,156,61,93,N
1959,BAL,155,74,80,N
1959,BOS,154,75,79,N
1959,CHA,156,94,60,N
1959,CHN,155,74,80,N
1959,CIN,154,74,80,N
1959,CLE,154,89,65,N
1959,DET,154,76,78,N
1959,KC1,154,66,88,N
1959,LAN,156,88,68,Y
1959,ML1,157,86,70,N
1959,NYA,155,79,75,N
1959,PHI,155,64,90,N
1959,PIT,155,78,76,N
1959,SFN,154,83,71,N
1959,SLN,154,71,83,N
1959,WS1,154,63,91,N
1960,BAL,154,89,65,N
1960,BOS,154,65,89,N
1960,CHA,154,87,67,N
1960,CHN,156,60,94,N
1960,CIN,154,67,87,N
1960,CLE,154,76,78,N
1960,DET,154,71,83,N
1960,KC1,155,58,96,N
1960,LAN,154,82,72,N
1960,ML1,154,88,66,N
1960,NYA,155,97,57,N
1960,PHI,154,59,95,N
1960,PIT,155,95,59,Y
1960,SFN,156,79,75,N
1960,SLN,155,86,68,N
1960,WS1,154,73,81,N
1961,BAL,163,95,67,N
1961,BOS,163,76,86,N
1961,CHA,163,86,76,N
1961,CHN,156,64,90,N
1961,CIN,154,93,61,N
1961,CLE,161,78,83,N
1961,DET,163,101,61,N
1961,KC1,162,61,100,N
1961,LAA,162,70,91,N
1961,LAN,154,89,65,N
1961,MIN,161,70,90,N
1961,ML1,155,83,71,N
1961,NYA,163,109,53,Y
1961,PHI,155,47,107,N
1961,PIT,154,75,79,N
1961,SFN,155,85,69,N
1961,SLN,155,80,74,N
1961,WS2,161,61,100,N
1962,BAL,162,77,85,N
1962,BOS,160,76,84,N
1962,CHA,162,85,77,N
1962,CHN,162,59,103,N
1962,CIN,162,98,64,N
1962,CLE,162,80,82,N
1962,DET,161,85,76,N
1962,HOU,162,64,96,N
1962,KC1,162,72,90,N
1962,LAA,162,86,76,N
1962,LAN,165,102,63,N
1962,MIN,163,91,71,N
1962,ML1,162,86,76,N
1962,NYA,162,96,66,Y
1962,NYN,161,40,120,N
1962,PHI,161,81,80,N
1962,PIT,161,93,68,N
1962,SFN,165,103,62,N
1962,SLN,163,84,78,N
1962,WS2,162,60,101,N
1963,BAL,162,86,76,N
1963,BOS,161,76,85,N
1963,CHA,162,94,68,N
1963,CHN,162,82,80,N
1963,CIN,162,86,76,N
1963,CLE,162,79,83,N
1963,DET,162,79,83,N
1963,HOU,162,66,96,N
1963,KC1,162,73,89,N
1963,LAA,161,70,91,N
1963,LAN,163,99,63,Y
1963,MIN,161,91,70,N
1963,ML1,163,84,78,N
1963,NYA,161,104,57,N
1963,NYN,162,51,111,N
1963,PHI,162,87,75,N
1963,PIT,162,74,88,N
1963,SFN,162,88,74,N
1963,SLN,162,93,69,N
1963,WS2,162,56,106,N
1964,BAL,163,97,65,N
1964,BOS,162,72,90,N
1964,CHA,162,98,64,N
1964,CHN,162,76,86,N
1964,CIN,163,92,70,N
1964,CLE,164,79,83,N
1964,DET,163,85,77,N
1964,HOU,162,66,96,N
1964,KC1,163,57,105,N
1964,LAA,162,82,80,N
1964,LAN,164,80,82,N
1964,MIN,163,79,83,N
1964,ML1,162,88,74,N
1964,NYA,164,99,63,N
1964,NYN,163,53,109,N
1964,PHI,162,92,70,N
1964,PIT,162,80,82,N
1964,SFN,162,90,72,N
1964,SLN,162,93,69,Y
1964,WS2,162,62,100,N
1965,BAL,162,94,68,N
1965,BOS,162,62,100,N
1965,CAL,162,75,87,N
1965,CHA,162,95,67,N
1965,CHN,164,72,90,N
1965,CIN,162,89,73,N
1965,CLE,162,87,75,N
1965,DET,162,89,73,N
1965,HOU,162,65,97,N
1965,KC1,162,59,103,N
1965,LAN,162,97,65,Y
1965,MIN,162,102,60,N
1965,ML1,162,86,76,N
1965,NYA,162,77,85,N
1965,NYN,164,50,112,N
1965,PHI,162,85,76,N
1965,PIT,163,90,72,N
1965,SFN,163,95,67,N
1965,SLN,162,80,81,N
1965,WS2,162,70,92,N
1966,ATL,163,85,77,N
1966,BAL,160,97,63,Y
1966,BOS,162,72,90,N
1966,CAL,162,80,82,N
1966,CHA,163,83,79,N
1966,CHN,162,59,103,N
1966,CIN,160,76,84,N
1966,CLE,162,81,81,N
1966,DET,162,88,74,N
1966,HOU,163,72,90,N
1966,KC1,160,74,86,N
1966,LAN,162,95,67,N
1966,MIN,162,89,73,N
1966,NYA,160,70,89,N
1966,NYN,161,66,95,N
1966,PHI,162,87,75,N
1966,PIT,162,92,70,N
1966,SFN,161,93,68,N
1966,SLN,162,83,79,N
1966,WS2,159,71,88,N
1967,ATL,162,77,85,N
1967,BAL,161,76,85,N
1967,BOS,162,92,70,N
1967,CAL,161,84,77,N
1967,CHA,162,89,73,N
1967,CHN,162,87,74,N
1967,CIN,162,87,75,N
1967,CLE,162,75,87,N
1967,DET,163,91,71,N
1967,HOU,162,69,93,N
1967,KC1,161,62,99,N
1967,LAN,162,73,89,N
1967,MIN,164,91,71,N
1967,NYA,163,72,90,N
1967,NYN,162,61,101,N
1967,PHI,162,82,80,N
1967,PIT,163,81,81,N
1967,SFN,162,91,71,N
1967,SLN,161,101,60,Y
1967,WS2,161,76,85,N
1968,ATL,163,81,81,N
1968,BAL,162,91,71,N
1968,BOS,162,86,76,N
1968,CAL,162,67,95,N
1968,CHA,162,67,95,N
1968,CHN,163,84,78,N
1968,CIN,163,83,79,N
1968,CLE,162,86,75,N
1968,DET,164,103,59,Y
1968,HOU,162,72,90,N
1968,LAN,162,76,86,N
1968,MIN,162,79,83,N
1968,NYA,164,83,79,N
1968,NYN,163,73,89,N
1968,OAK,163,82,80,N
1968,PHI,162,76,86,N
1968,PIT,163,80,82,N
1968,SFN,163,88,74,N
1968,SLN,162,97,65,N
1968,WS2,161,65,96,N
1969,ATL,162,93,69,N
1969,BAL,162,109,53,N
1969,BOS,162,87,75,N
1969,CAL,163,71,91,N
1969,CHA,162,68,94,N
1969,CHN,163,92,70,N
1969,CIN,163,89,73,N
1969,CLE,161,62,99,N
1969,DET,162,90,72,N
1969,HOU,162,81,81,N
1969,KCA,163,69,93,N
1969,LAN,162,85,77,N
1969,MIN,162,97,65,N
1969,MON,162,52,110,N
1969,NYA,162,80,81,N
1969,NYN,162,100,62,Y
1969,OAK,162,88,74,N
1969,PHI,162,63,99,N
1969,PIT,162,88,74,N
1969,SDN,162,52,110,N
1969,SE1,163,64,98,N
1969,SFN,162,90,72,N
1969,SLN,162,87,75,N
1969,WS2,162,86,76,N
1970,ATL,162,76,86,N
1970,BAL,162,108,54,Y
1970,BOS,162,87,75,N
1970,CAL,162,86,76,N
1970,CHA,162,56,106,N
1970,CHN,162,84,78,N
1970,CIN,162,102,60,N
1970,CLE,162,76,86,N
1970,DET,162,79,83,N
1970,HOU,162,79,83,N
1970,KCA,162,65,97,N
1970,LAN,161,87,74,N
1970,MIN,162,98,64,N
1970,ML4,163,65,97,N
1970,MON,162,73,89,N
1970,NYA,163,93,69,N
1970,NYN,162,83,79,N
1970,OAK,162,89,73,N
1970,PHI,161,73,88,N
1970,PIT,162,89,73,N
1970,SDN,162,63,99,N
1970,SFN,162,86,76,N
1970,SLN,162,76,86,N
1970,WS2,162,70,92,N
1971,ATL,162,82,80,N
1971,BAL,158,101,57,N
1971,BOS,162,85,77,N
1971,CAL,162,76,86,N
1971,CHA,162,79,83,N
1971,CHN,162,83,79,N
1971,CIN,162,79,83,N
1971,CLE,162,60,102,N
1971,DET,162,91,71,N
1971,HOU,162,79,83,N
1971,KCA,161,85,76,N
1971,LAN,162,89,73,N
1971,MIN,160,74,86,N
1971,ML4,161,69,92,N
1971,MON,162,71,90,N
1971,NYA,162,82,80,N
1971,NYN,162,83,79,N
1971,OAK,161,101,60,N
1971,PHI,162,67,95,N
1971,PIT,162,97,65,Y
1971,SDN,161,61,100,N
1971,SFN,162,90,72,N
1971,SLN,163,90,72,N
1971,WS2,159,63,96,N
1972,ATL,155,70,84,N
1972,BAL,154,80,74,N
1972,BOS,155,85,70,N
1972,CAL,155,75,80,N
1972,CHA,154,87,67,N
1972,CHN,156,85,70,N
1972,CIN,154,95,59,N
1972,CLE,156,72,84,N
1972,DET,156,86,70,N
1972,HOU,153,84,69,N
1972,KCA,154,76,78,N
1972,LAN,155,85,70,N
1972,MIN,154,77,77,N
1972,ML4,156,65,91,N
1972,MON,156,70,86,N
1972,NYA,155,79,76,N
1972,NYN,156,83,73,N
1972,OAK,155,93,62,Y
1972,PHI,156,59,97,N
1972,PIT,155,96,59,N
1972,SDN,153,58,95,N
1972,SFN,155,69,86,N
1972,SLN,156,75,81,N
1972,TEX,154,54,100,N
1973,ATL,162,76,85,N
1973,BAL,162,97,65,N
1973,BOS,162,89,73,N
1973,CAL,162,79,83,N
1973,CHA,162,77,85,N
1973,CHN,161,77,84,N
1973,CIN,162,99,63,N
1973,CLE,162,71,91,N
1973,DET,162,85,77,N
1973,HOU,162,82,80,N
1973,KCA,162,88,74,N
1973,LAN,162,95,66,N
1973,MIN,162,81,81,N
1973,ML4,162,74,88,N
1973,MON,162,79,83,N
1973,NYA,162,80,82,N
1973,NYN,161,82,79,N
1973,OAK,162,94,68,Y
1973,PHI,162,71,91,N
1973,PIT,162,80,82,N
1973,SDN,162,60,102,N
1973,SFN,162,88,74,N
1973,SLN,162,81,81,N
1973,TEX,162,57,105,N
1974,ATL,163,88,74,N
1974,BAL,162,91,71,N
1974,BOS,162,84,78,N
1974,CAL,163,68,94,N
1974,CHA,163,80,80,N
1974,CHN,162,66,96,N
1974,CIN,163,98,64,N
1974,CLE,162,77,85,N
1974,DET,162,72,90,N
1974,HOU,162,81,81,N
1974,KCA,162,77,85,N
1974,LAN,162,102,60,N
1974,MIN,163,82,80,N
1974,ML4,162,76,86,N
1974,MON,161,79,82,N
1974,NYA,162,89,73,N
1974,NYN,162,71,91,N
1974,OAK,162,90,72,Y
1974,PHI,162,80,82,N
1974,PIT,162,88,74,N
1974,SDN,162,60,102,N
1974,SFN,162,72,90,N
1974,SLN,161,86,75,N
1974,TEX,161,84,76,N
1975,ATL,161,67,94,N
1975,BAL,159,90,69,N
1975,BOS,160,95,65,N
1975,CAL,161,72,89,N
1975,CHA,161,75,86,N
1975,CHN,162,75,87,N
1975,CIN,162,108,54,Y
1975,CLE,159,79,80,N
1975,DET,159,57,102,N
1975,HOU,162,64,97,N
1975,KCA,162,91,71,N
1975,LAN,162,88,74,N
1975,MIN,159,76,83,N
1975,ML4,162,68,94,N
1975,MON,162,75,87,N
1975,NYA,160,83,77,N
1975,NYN,162,82,80,N
1975,OAK,162,98,64,N
1975,PHI,162,86,76,N
1975,PIT,161,92,69,N
1975,SDN,162,71,91,N
1975,SFN,161,80,81,N
1975,SLN,163,82,80,N
1975,TEX,162,79,83,N
1976,ATL,162,70,92,N
1976,BAL,162,88,74,N
1976,BOS,162,83,79,N
1976,CAL,162,76,86,N
1976,CHA,161,64,97,N
1976,CHN,162,75,87,N
1976,CIN,162,102,60,Y
1976,CLE,159,81,78,N
1976,DET,161,74,87,N
1976,HOU,162,80,82,N
1976,KCA,162,90,72,N
1976,LAN,162,92,70,N
1976,MIN,162,85,77,N
1976,ML4,161,66,95,N
1976,MON,162,55,107,N
1976,NYA,159,97,62,N
1976,NYN,162,86,76,N
1976,OAK,161,87,74,N
1976,PHI,162,101,61,N
1976,PIT,162,92,70,N
1976,SDN,162,73,89,N
1976,SFN,162,74,88,N
1976,SLN,162,72,90,N
1976,TEX,162,76,86,N
1977,ATL,162,61,101,N
1977,BAL,161,97,64,N
1977,BOS,161,97,64,N
1977,CAL,162,74,88,N
1977,CHA,162,90,72,N
1977,CHN,162,81,81,N
1977,CIN,162,88,74,N
1977,CLE,161,71,90,N
1977,DET,162,74,88,N
1977,HOU,162,81,81,N
1977,KCA,162,102,60,N
1977,LAN,162,98,64,N
1977,MIN,161,84,77,N
1977,ML4,162,67,95,N
1977,MON,162,75,87,N
1977,NYA,162,100,62,Y
1977,NYN,162,64,98,N
1977,OAK,161,63,98,N
1977,PHI,162,101,61,N
1977,PIT,162,96,66,N
1977,SDN,162,69,93,N
1977,SEA,162,64,98,N
1977,SFN,162,75,87,N
1977,SLN,162,83,79,N
1977,TEX,162,94,68,N
1977,TOR,161,54,107,N
1978,ATL,162,69,93,N
1978,BAL,161,90,71,N
1978,BOS,163,99,64,N
1978,CAL,162,87,75,N
1978,CHA,161,71,90,N
1978,CHN,162,79,83,N
1978,CIN,161,92,69,N
1978,CLE,159,69,90,N
1978,DET,162,86,76,N
1978,HOU,162,74,88,N
1978,KCA,162,92,70,N
1978,LAN,162,95,67,N
1978,MIN,162,73,89,N
1978,ML4,162,93,69,N
1978,MON,162,76,86,N
1978,NYA,163,100,63,Y
1978,NYN,162,66,96,N
1978,OAK,162,69,93,N
1978,PHI,162,90,72,N
1978,PIT,161,88,73,N
1978,SDN,162,84,78,N
1978,SEA,160,56,104,N
1978,SFN,162,89,73,N
1978,SLN,162,69,93,N
1978,TEX,162,87,75,N
1978,TOR,161,59,102,N
1979,ATL,160,66,94,N
1979,BAL,159,102,57,N
1979,BOS,160,91,69,N
1979,CAL,162,88,74,N
1979,CHA,159,73,87,N
1979,CHN,162,80,82,N
1979,CIN,161,90,71,N
1979,CLE,161,81,80,N
1979,DET,160,85,76,N
1979,HOU,162,89,73,N
1979,KCA,162,85,77,N
1979,LAN,162,79,83,N
1979,MIN,162,82,80,N
1979,ML4,161,95,66,N
1979,MON,160,95,65,N
1979,NYA,160,89,71,N
1979,NYN,163,63,99,N
1979,OAK,162,54,108,N
1979,PHI,163,84,78,N
1979,PIT,163,98,64,Y
1979,SDN,161,68,93,N
1979,SEA,162,67,95,N
1979,SFN,162,71,91,N
1979,SLN,163,86,76,N
1979,TEX,162,83,79,N
1979,TOR,162,53,109,N
1980,ATL,161,81,80,N
1980,BAL,162,100,62,N
1980,BOS,160,83,77,N
1980,CAL,160,65,95,N
1980,CHA,162,70,90,N
1980,CHN,162,64,98,N
1980,CIN,163,89,73,N
1980,CLE,160,79,81,N
1980,DET,163,84,78,N
1980,HOU,163,93,70,N
1980,KCA,162,97,65,N
1980,LAN,163,92,71,N
1980,MIN,161,77,84,N
1980,ML4,162,86,76,N
1980,MON,162,90,72,N
1980,NYA,162,103,59,N
1980,NYN,162,67,95,N
1980,OAK,162,83,79,N
1980,PHI,162,91,71,Y
1980,PIT,162,83,79,N
1980,SDN,163,73,89,N
1980,SEA,163,59,103,N
1980,SFN,161,75,86,N
1980,SLN,162,74,88,N
1980,TEX,163,76,85,N
1980,TOR,162,67,95,N
1981,ATL,107,50,56,N
1981,BAL,105,59,46,N
1981,BOS,108,59,49,N
1981,CAL,110,51,59,N
1981,CHA,106,54,52,N
1981,CHN,106,38,65,N
1981,CIN,108,66,42,N
1981,CLE,103,52,51,N
1981,DET,109,60,49,N
1981,HOU,110,61,49,N
1981,KCA,103,50,53,N
1981,LAN,110,63,47,Y
1981,MIN,110,41,68,N
1981,ML4,109,62,47,N
1981,MON,108,60,48,N
1981,NYA,107,59,48,N
1981,NYN,105,41,62,N
1981,OAK,109,64,45,N
1981,PHI,107,59,48,N
1981,PIT,103,46,56,N
1981,SDN,110,41,69,N
1981,SEA,110,44,65,N
1981,SFN,111,56,55,N
1981,SLN,103,59,43,N
1981,TEX,105,57,48,N
1981,TOR,106,37,69,N
1982,ATL,162,89,73,N
1982,BAL,163,94,68,N
1982,BOS,162,89,73,N
1982,CAL,162,93,69,N
1982,CHA,162,87,75,N
1982,CHN,162,73,89,N
1982,CIN,162,61,101,N
1982,CLE,162,78,84,N
1982,DET,162,83,79,N
1982,HOU,162,77,85,N
1982,KCA,162,90,72,N
1982,LAN,162,88,74,N
1982,MIN,162,60,102,N
1982,ML4,163,95,67,N
1982,MON,162,86,76,N
1982,NYA,162,79,83,N
1982,NYN,162,65,97,N
1982,OAK,162,68,94,N
1982,PHI,162,89,73,N
1982,PIT,162,84,78,N
1982,SDN,162,81,81,N
1982,SEA,162,76,86,N
1982,SFN,162,87,75,N
1982,SLN,162,92,70,Y
1982,TEX,162,64,98,N
1982,TOR,162,78,84,N
1983,ATL,162,88,74,N
1983,BAL,162,98,64,Y
1983,BOS,162,78,84,N
1983,CAL,162,70,92,N
1983,CHA,162,99,63,N
1983,CHN,162,71,91,N
1983,CIN,162,74,88,N
1983,CLE,162,70,92,N
1983,DET,162,92,70,N
1983,HOU,162,85,77,N
1983,KCA,163,79,83,N
1983,LAN,163,91,71,N
1983,MIN,162,70,92,N
1983,ML4,162,87,75,N
1983,MON,163,82,80,N
1983,NYA,162,91,71,N
1983,NYN,162,68,94,N
1983,OAK,162,74,88,N
1983,PHI,163,90,72,N
1983,PIT,162,84,78,N
1983,SDN,163,81,81,N
1983,SEA,162,60,102,N
1983,SFN,162,79,83,N
1983,SLN,162,79,83,N
1983,TEX,163,77,85,N
1983,TOR,162,89,73,N
1984,ATL,162,80,82,N
1984,BAL,162,85,77,N
1984,BOS,162,86,76,N
1984,CAL,162,81,81,N
1984,CHA,162,74,88,N
1984,CHN,161,96,65,N
1984,CIN,162,70,92,N
1984,CLE,163,75,87,N
1984,DET,162,104,58,Y
1984,HOU,162,80,82,N
1984,KCA,162,84,78,N
1984,LAN,162,79,83,N
1984,MIN,162,81,81,N
1984,ML4,161,67,94,N
1984,MON,161,78,83,N
1984,NYA,162,87,75,N
1984,NYN,162,90,72,N
1984,OAK,162,77,85,N
1984,PHI,162,81,81,N
1984,PIT,162,75,87,N
1984,SDN,162,92,70,N
1984,SEA,162,74,88,N
1984,SFN,162,66,96,N
1984,SLN,162,84,78,N
1984,TEX,161,69,92,N
1984,TOR,163,89,73,N
1985,ATL,162,66,96,N
1985,BAL,161,83,78,N
1985,BOS,163,81,81,N
1985,CAL,162,90,72,N
1985,CHA,163,85,77,N
1985,CHN,162,77,84,N
1985,CIN,162,89,72,N
1985,CLE,162,60,102,N
1985,DET,161,84,77,N
1985,HOU,162,83,79,N
1985,KCA,162,91,71,Y
1985,LAN,162,95,67,N
1985,MIN,162,77,85,N
1985,ML4,161,71,90,N
1985,MON,161,84,77,N
1985,NYA,161,97,64,N
1985,NYN,162,98,64,N
1985,OAK,162,77,85,N
1985,PHI,162,75,87,N
1985,PIT,161,57,104,N
1985,SDN,162,83,79,N
1985,SEA,162,74,88,N
1985,SFN,162,62,100,N
1985,SLN,162,101,61,N
1985,TEX,161,62,99,N
1985,TOR,161,99,62,N
1986,ATL,161,72,89,N
1986,BAL,162,73,89,N
1986,BOS,161,95,66,N
1986,CAL,162,92,70,N
1986,CHA,162,72,90,N
1986,CHN,160,70,90,N
1986,CIN,162,86,76,N
1986,CLE,163,84,78,N
1986,DET,162,87,75,N
1986,HOU,162,96,66,N
1986,KCA,162,76,86,N
1986,LAN,162,73,89,N
1986,MIN,162,71,91,N
1986,ML4,161,77,84,N
1986,MON,161,78,83,N
1986,NYA,162,90,72,N
1986,NYN,162,108,54,Y
1986,OAK,162,76,86,N
1986,PHI,161,86,75,N
1986,PIT,162,64,98,N
1986,SDN,162,74,88,N
1986,SEA,162,67,95,N
1986,SFN,162,83,79,N
1986,SLN,161,79,82,N
1986,TEX,162,87,75,N
1986,TOR,163,86,76,N
1987,ATL,161,69,92,N
1987,BAL,162,67,95,N
1987,BOS,162,78,84,N
1987,CAL,162,75,87,N
1987,CHA,162,77,85,N
1987,CHN,161,76,85,N
1987,CIN,162,84,78,N
1987,CLE,162,61,101,N
1987,DET,162,98,64,N
1987,HOU,162,76,86,N
1987,KCA,162,83,79,N
1987,LAN,162,73,89,N
1987,MIN,162,85,77,Y
1987,ML4,162,91,71,N
1987,MON,162,91,71,N
1987,NYA,162,89,73,N
1987,NYN,162,92,70,N
1987,OAK,162,81,81,N
1987,PHI,162,80,82,N
1987,PIT,162,80,82,N
1987,SDN,162,65,97,N
1987,SEA,162,78,84,N
1987,SFN,162,90,72,N
1987,SLN,162,95,67,N
1987,TEX,162,75,87,N
1987,TOR,162,96,66,N
1988,ATL,160,54,106,N
1988,BAL,161,54,107,N
1988,BOS,162,89,73,N
1988,CAL,162,75,87,N
1988,CHA,161,71,90,N
1988,CHN,163,77,85,N
1988,CIN,161,87,74,N
1988,CLE,162,78,84,N
1988,DET,162,88,74,N
1988,HOU,162,82,80,N
1988,KCA,161,84,77,N
1988,LAN,162,94,67,Y
1988,MIN,162,91,71,N
1988,ML4,162,87,75,N
1988,MON,163,81,81,N
1988,NYA,161,85,76,N
1988,NYN,160,100,60,N
1988,OAK,162,104,58,N
1988,PHI,162,65,96,N
1988,PIT,160,85,75,N
1988,SDN,161,83,78,N
1988,SEA,161,68,93,N
1988,SFN,162,83,79,N
1988,SLN,162,76,86,N
1988,TEX,161,70,91,N
1988,TOR,162,87,75,N
1989,ATL,161,63,97,N
1989,BAL,162,87,75,N
1989,BOS,162,83,79,N
1989,CAL,162,91,71,N
1989,CHA,161,69,92,N
1989,CHN,162,93,69,N
1989,CIN,162,75,87,N
1989,CLE,162,73,89,N
1989,DET,162,59,103,N
1989,HOU,162,86,76,N
1989,KCA,162,92,70,N
1989,LAN,160,77,83,N
1989,MIN,162,80,82,N
1989,ML4,162,81,81,N
1989,MON,162,81,81,N
1989,NYA,161,74,87,N
1989,NYN,162,87,75,N
1989,OAK,162,99,63,Y
1989,PHI,163,67,95,N
1989,PIT,164,74,88,N
1989,SDN,162,89,73,N
1989,SEA,162,73,89,N
1989,SFN,162,92,70,N
1989,SLN,164,86,76,N
1989,TEX,162,83,79,N
1989,TOR,162,89,73,N
1990,ATL,162,65,97,N
1990,BAL,161,76,85,N
1990,BOS,162,88,74,N
1990,CAL,162,80,82,N
1990,CHA,162,94,68,N
1990,CHN,162,77,85,N
1990,CIN,162,91,71,Y
1990,CLE,162,77,85,N
1990,DET,162,79,83,N
1990,HOU,162,75,87,N
1990,KCA,161,75,86,N
1990,LAN,162,86,76,N
1990,MIN,162,74,88,N
1990,ML4,162,74,88,N
1990,MON,162,85,77,N
1990,NYA,162,67,95,N
1990,NYN,162,91,71,N
1990,OAK,162,103,59,N
1990,PHI,162,77,85,N
1990,PIT,162,95,67,N
1990,SDN,162,75,87,N
1990,SEA,162,77,85,N
1990,SFN,162,85,77,N
1990,SLN,162,70,92,N
1990,TEX,162,83,79,N
1990,TOR,162,86,76,N
1991,ATL,162,94,68,N
1991,BAL,162,67,95,N
1991,BOS,162,84,78,N
1991,CAL,162,81,81,N
1991,CHA,162,87,75,N
1991,CHN,160,77,83,N
1991,CIN,162,74,88,N
1991,CLE,162,57,105,N
1991,DET,162,84,78,N
1991,HOU,162,65,97,N
1991,KCA,162,82,80,N
1991,LAN,162,93,69,N
1991,MIN,162,95,67,Y
1991,ML4,162,83,79,N
1991,MON,161,71,90,N
1991,NYA,162,71,91,N
1991,NYN,161,77,84,N
1991,OAK,162,84,78,N
1991,PHI,162,78,84,N
1991,PIT,162,98,64,N
1991,SDN,162,84,78,N
1991,SEA,162,83,79,N
1991,SFN,162,75,87,N
1991,SLN,162,84,78,N
1991,TEX,162,85,77,N
1991,TOR,162,91,71,N
1992,ATL,162,98,64,N
1992,BAL,162,89,73,N
1992,BOS,162,73,89,N
1992,CAL,162,72,90,N
1992,CHA,162,86,76,N
1992,CHN,162,78,84,N
1992,CIN,162,90,72,N
1992,CLE,162,76,86,N
1992,DET,162,75,87,N
1992,HOU,162,81,81,N
1992,KCA,162,72,90,N
1992,LAN,162,63,99,N
1992,MIN,162,90,72,N
1992,ML4,162,92,70,N
1992,MON,162,87,75,N
1992,NYA,162,76,86,N
1992,NYN,162,72,90,N
1992,OAK,162,96,66,N
1992,PHI,162,70,92,N
1992,PIT,162,96,66,N
1992,SDN,162,82,80,N
1992,SEA,162,64,98,N
1992,SFN,162,72,90,N
1992,SLN,162,83,79,N
1992,TEX,162,77,85,N
1992,TOR,162,96,66,Y
1993,ATL,162,104,58,N
1993,BAL,162,85,77,N
1993,BOS,162,80,82,N
1993,CAL,162,71,91,N
1993,CHA,162,94,68,N
1993,CHN,163,84,78,N
1993,CIN,162,73,89,N
1993,CLE,162,76,86,N
1993,COL,162,67,95,N
1993,DET,162,85,77,N
1993,FLO,162,64,98,N
1993,HOU,162,85,77,N
1993,KCA,162,84,78,N
1993,LAN,162,81,81,N
1993,MIN,162,71,91,N
1993,ML4,162,69,93,N
1993,MON,163,94,68,N
1993,NYA,162,88,74,N
1993,NYN,162,59,103,N
1993,OAK,162,68,94,N
1993,PHI,162,97,65,N
1993,PIT,162,75,87,N
1993,SDN,162,61,101,N
1993,SEA,162,82,80,N
1993,SFN,162,103,59,N
1993,SLN,162,87,75,N
1993,TEX,162,86,76,N
1993,TOR,162,95,67,Y
1994,ATL,114,68,46,
1994,BAL,112,63,49,
1994,BOS,115,54,61,
1994,CAL,115,47,68,
1994,CHA,113,67,46,
1994,CHN,113,49,64,
1994,CIN,115,66,48,
1994,CLE,113,66,47,
1994,COL,117,53,64,
1994,DET,115,53,62,
1994,FLO,115,51,64,
1994,HOU,115,66,49,
1994,KCA,115,64,51,
1994,LAN,114,58,56,
1994,MIN,113,53,60,
1994,ML4,115,53,62,
1994,MON,114,74,40,
1994,NYA,113,70,43,
1994,NYN,113,55,58,
1994,OAK,114,51,63,
1994,PHI,115,54,61,
1994,PIT,114,53,61,
1994,SDN,117,47,70,
1994,SEA,112,49,63,
1994,SFN,115,55,60,
1994,SLN,115,53,61,
1994,TEX,114,52,62,
1994,TOR,115,55,60,
1995,ATL,144,90,54,Y
1995,BAL,144,71,73,N
1995,BOS,144,86,58,N
1995,CAL,145,78,67,N
1995,CHA,145,68,76,N
1995,CHN,144,73,71,N
1995,CIN,144,85,59,N
1995,CLE,144,100,44,N
1995,COL,144,77,67,N
1995,DET,144,60,84,N
1995,FLO,143,67,76,N
1995,HOU,144,76,68,N
1995,KCA,144,70,74,N
1995,LAN,144,78,66,N
1995,MIN,144,56,88,N
1995,ML4,144,65,79,N
1995,MON,144,66,78,N
1995,NYA,145,79,65,N
1995,NYN,144,69,75,N
1995,OAK,144,67,77,N
1995,PHI,144,69,75,N
1995,PIT,144,58,86,N
1995,SDN,144,70,74,N
1995,SEA,145,79,66,N
1995,SFN,144,67,77,N
1995,SLN,143,62,81,N
1995,TEX,144,74,70,N
1995,TOR,144,56,88,N
1996,ATL,162,96,66,N
1996,BAL,163,88,74,N
1996,BOS,162,85,77,N
1996,CAL,161,70,91,N
1996,CHA,162,85,77,N
1996,CHN,162,76,86,N
1996,CIN,162,81,81,N
1996,CLE,161,99,62,N
1996,COL,162,83,79,N
1996,DET,162,53,109,N
1996,FLO,162,80,82,N
1996,HOU,162,82,80,N
1996,KCA,161,75,86,N
1996,LAN,162,90,72,N
1996,MIN,162,78,84,N
1996,ML4,162,80,82,N
1996,MON,162,88,74,N
1996,NYA,162,92,70,Y
1996,NYN,162,71,91,N
1996,OAK,162,78,84,N
1996,PHI,162,67,95,N
1996,PIT,162,73,89,N
1996,SDN,162,91,71,N
1996,SEA,161,85,76,N
1996,SFN,162,68,94,N
1996,SLN,162,88,74,N
1996,TEX,163,90,72,N
1996,TOR,162,74,88,N
1997,ANA,162,84,78,N
1997,ATL,162,101,61,N
1997,BAL,162,98,64,N
1997,BOS,162,78,84,N
1997,CHA,161,80,81,N
1997,CHN,162,68,94,N
1997,CIN,162,76,86,N
1997,CLE,161,86,75,N
1997,COL,162,83,79,N
1997,DET,162,79,83,N
1997,FLO,162,92,70,Y
1997,HOU,162,84,78,N
1997,KCA,161,67,94,N
1997,LAN,162,88,74,N
1997,MIN,162,68,94,N
1997,ML4,161,78,83,N
1997,MON,162,78,84,N
1997,NYA,162,96,66,N
1997,NYN,162,88,74,N
1997,OAK,162,65,97,N
1997,PHI,162,68,94,N
1997,PIT,162,79,83,N
1997,SDN,162,76,86,N
1997,SEA,162,90,72,N
1997,SFN,162,90,72,N
1997,SLN,162,73,89,N
1997,TEX,162,77,85,N
1997,TOR,162,76,86,N
1998,ANA,162,85,77,N
1998,ARI,162,65,97,N
1998,ATL,162,106,56,N
1998,BAL,162,79,83,N
1998,BOS,162,92,70,N
1998,CHA,163,80,82,N
1998,CHN,163,90,73,N
1998,CIN,162,77,85,N
1998,CLE,162,89,73,N
1998,COL,162,77,85,N
1998,DET,162,65,97,N
1998,FLO,162,54,108,N
1998,HOU,162,102,60,N
1998,KCA,161,72,89,N
1998,LAN,162,83,79,N
1998,MIL,162,74,88,N
1998,MIN,162,70,92,N
1998,MON,162,65,97,N
1998,NYA,162,114,48,Y
1998,NYN,162,88,74,N
1998,OAK,162,74,88,N
1998,PHI,162,75,87,N
1998,PIT,163,69,93,N
1998,SDN,162,98,64,N
1998,SEA,161,76,85,N
1998,SFN,163,89,74,N
1998,SLN,163,83,79,N
1998,TBA,162,63,99,N
1998,TEX,162,88,74,N
1998,TOR,163,88,74,N
1999,ANA,162,70,92,N
1999,ARI,162,100,62,N
1999,ATL,162,103,59,N
1999,BAL,162,78,84,N
1999,BOS,162,94,68,N
1999,CHA,162,75,86,N
1999,CHN,162,67,95,N
1999,CIN,163,96,67,N
1999,CLE,162,97,65,N
1999,COL,162,72,90,N
1999,DET,161,69,92,N
1999,FLO,162,64,98,N
1999,HOU,162,97,65,N
1999,KCA,161,64,97,N
1999,LAN,162,77,85,N
1999,MIL,161,74,87,N
1999,MIN,161,63,97,N
1999,MON,162,68,94,N
1999,NYA,162,98,64,Y
1999,NYN,163,97,66,N
1999,OAK,162,87,75,N
1999,PHI,162,77,85,N
1999,PIT,161,78,83,N
1999,SDN,162,74,88,N
1999,SEA,162,79,83,N
1999,SFN,162,86,76,N
1999,SLN,161,75,86,N
1999,TBA,162,69,93,N
1999,TEX,162,95,67,N
1999,TOR,162,84,78,N
2000,ANA,162,82,80,N
2000,ARI,162,85,77,N
2000,ATL,162,95,67,N
2000,BAL,162,74,88,N
2000,BOS,162,85,77,N
2000,CHA,162,95,67,N
2000,CHN,162,65,97,N
2000,CIN,163,85,77,N
2000,CLE,162,90,72,N
2000,COL,162,82,80,N
2000,DET,162,79,83,N
2000,FLO,161,79,82,N
2000,HOU,162,72,90,N
2000,KCA,162,77,85,N
2000,LAN,162,86,76,N
2000,MIL,163,73,89,N
2000,MIN,162,69,93,N
2000,MON,162,67,95,N
2000,NYA,161,87,74,Y
2000,NYN,162,94,68,N
2000,OAK,161,91,70,N
2000,PHI,162,65,97,N
2000,PIT,162,69,93,N
2000,SDN,162,76,86,N
2000,SEA,162,91,71,N
2000,SFN,162,97,65,N
2000,SLN,162,95,67,N
2000,TBA,161,69,92,N
2000,TEX,162,71,91,N
2000,TOR,162,83,79,N
2001,ANA,162,75,87,N
2001,ARI,162,92,70,Y
2001,ATL,162,88,74,N
2001,BAL,162,63,98,N
2001,BOS,161,82,79,N
2001,CHA,162,83,79,N
2001,CHN,162,88,74,N
2001,CIN,162,66,96,N
2001,CLE,162,91,71,N
2001,COL,162,73,89,N
2001,DET,162,66,96,N
2001,FLO,162,76,86,N
2001,HOU,162,93,69,N
2001,KCA,162,65,97,N
2001,LAN,162,86,76,N
2001,MIL,162,68,94,N
2001,MIN,162,85,77,N
2001,MON,162,68,94,N
2001,NYA,161,95,65,N
2001,NYN,162,82,80,N
2001,OAK,162,102,60,N
2001,PHI,162,86,76,N
2001,PIT,162,62,100,N
2001,SDN,162,79,83,N
2001,SEA,162,116,46,N
2001,SFN,162,90,72,N
2001,SLN,162,93,69,N
2001,TBA,162,62,100,N
2001,TEX,162,73,89,N
2001,TOR,162,80,82,N
2002,ANA,162,99,63,Y
2002,ARI,162,98,64,N
2002,ATL,161,101,59,N
2002,BAL,162,67,95,N
2002,BOS,162,93,69,N
2002,CHA,162,81,81,N
2002,CHN,162,67,95,N
2002,CIN,162,78,84,N
2002,CLE,162,74,88,N
2002,COL,162,73,89,N
2002,DET,161,55,106,N
2002,FLO,162,79,83,N
2002,HOU,162,84,78,N
2002,KCA,162,62,100,N
2002,LAN,162,92,70,N
2002,MIL,162,56,106,N
2002,MIN,161,94,67,N
2002,MON,162,83,79,N
2002,NYA,161,103,58,N
2002,NYN,161,75,86,N
2002,OAK,162,103,59,N
2002,PHI,161,80,81,N
2002,PIT,161,72,89,N
2002,SDN,162,66,96,N
2002,SEA,162,93,69,N
2002,SFN,162,95,66,N
2002,SLN,162,97,65,N
2002,TBA,161,55,106,N
2002,TEX,162,72,90,N
2002,TOR,162,78,84,N
2003,ANA,162,77,85,N
2003,ARI,162,84,78,N
2003,ATL,162,101,61,N
2003,BAL,163,71,91,N
2003,BOS,162,95,67,N
2003,CHA,162,86,76,N
2003,CHN,162,88,74,N
2003,CIN,162,69,93,N
2003,CLE,162,68,94,N
2003,COL,162,74,88,N
2003,DET,162,43,119,N
2003,FLO,162,91,71,Y
2003,HOU,162,87,75,N
2003,KCA,162,83,79,N
2003,LAN,162,85,77,N
2003,MIL,162,68,94,N
2003,MIN,162,90,72,N
2003,MON,162,83,79,N
2003,NYA,163,101,61,N
2003,NYN,161,66,95,N
2003,OAK,162,96,66,N
2003,PHI,162,86,76,N
2003,PIT,162,75,87,N
2003,SDN,162,64,98,N
2003,SEA,162,93,69,N
2003,SFN,161,100,61,N
2003,SLN,162,85,77,N
2003,TBA,162,63,99,N
2003,TEX,162,71,91,N
2003,TOR,162,86,76,N
2004,ANA,162,92,70,N
2004,ARI,162,51,111,N
2004,ATL,162,96,66,N
2004,BAL,162,78,84,N
2004,BOS,162,98,64,Y
2004,CHA,162,83,79,N
2004,CHN,162,89,73,N
2004,CIN,162,76,86,N
2004,CLE,162,80,82,N
2004,COL,162,68,94,N
2004,DET,162,72,90,N
2004,FLO,162,83,79,N
2004,HOU,162,92,70,N
2004,KCA,162,58,104,N
2004,LAN,162,93,69,N
2004,MIL,161,67,94,N
2004,MIN,162,92,70,N
2004,MON,162,67,95,N
2004,NYA,162,101,61,N
2004,NYN,162,71,91,N
2004,OAK,162,91,71,N
2004,PHI,162,86,76,N
2004,PIT,161,72,89,N
2004,SDN,162,87,75,N
2004,SEA,162,63,99,N
2004,SFN,162,91,71,N
2004,SLN,162,105,57,N
2004,TBA,161,70,91,N
2004,TEX,162,89,73,N
2004,TOR,161,67,94,N
2005,ARI,162,77,85,N
2005,ATL,162,90,72,N
2005,BAL,162,74,88,N
2005,BOS,162,95,67,N
2005,CHA,162,99,63,Y
2005,CHN,162,79,83,N
2005,CIN,163,73,89,N
2005,CLE,162,93,69,N
2005,COL,162,67,95,N
2005,DET,162,71,91,N
2005,FLO,162,83,79,N
2005,HOU,163,89,73,N
2005,KCA,162,56,106,N
2005,LAA,162,95,67,N
2005,LAN,162,71,91,N
2005,MIL,162,81,81,N
2005,MIN,162,83,79,N
2005,NYA,162,95,67,N
2005,NYN,162,83,79,N
2005,OAK,162,88,74,N
2005,PHI,162,88,74,N
2005,PIT,162,67,95,N
2005,SDN,162,82,80,N
2005,SEA,162,69,93,N
2005,SFN,162,75,87,N
2005,SLN,162,100,62,N
2005,TBA,162,67,95,N
2005,TEX,162,79,83,N
2005,TOR,162,80,82,N
2005,WAS,162,81,81,N
2006,ARI,162,76,86,N
2006,ATL,162,79,83,N
2006,BAL,162,70,92,N
2006,BOS,162,86,76,N
2006,CHA,162,90,72,N
2006,CHN,162,66,96,N
2006,CIN,162,80,82,N
2006,CLE,162,78,84,N
2006,COL,162,76,86,N
2006,DET,162,95,67,N
2006,FLO,162,78,84,N
2006,HOU,162,82,80,N
2006,KCA,162,62,100,N
2006,LAA,162,89,73,N
2006,LAN,162,88,74,N
2006,MIL,162,75,87,N
2006,MIN,162,96,66,N
2006,NYA,162,97,65,N
2006,NYN,162,97,65,N
2006,OAK,162,93,69,N
2006,PHI,162,85,77,N
2006,PIT,162,67,95,N
2006,SDN,162,88,74,N
2006,SEA,162,78,84,N
2006,SFN,161,76,85,N
2006,SLN,161,83,78,Y
2006,TBA,162,61,101,N
2006,TEX,162,80,82,N
2006,TOR,162,87,75,N
2006,WAS,162,71,91,N
2007,ARI,162,90,72,N
2007,ATL,162,84,78,N
2007,BAL,162,69,93,N
2007,BOS,162,96,66,Y
2007,CHA,162,72,90,N
2007,CHN,162,85,77,N
2007,CIN,162,72,90,N
2007,CLE,162,96,66,N
2007,COL,163,90,73,N
2007,DET,162,88,74,N
2007,FLO,162,71,91,N
2007,HOU,162,73,89,N
2007,KCA,162,69,93,N
2007,LAA,162,94,68,N
2007,LAN,162,82,80,N
2007,MIL,162,83,79,N
2007,MIN,162,79,83,N
2007,NYA,162,94,68,N
2007,NYN,162,88,74,N
2007,OAK,162,76,86,N
2007,PHI,162,89,73,N
2007,PIT,162,68,94,N
2007,SDN,163,89,74,N
2007,SEA,162,88,74,N
2007,SFN,162,71,91,N
2007,SLN,162,78,84,N
2007,TBA,162,66,96,N
2007,TEX,162,75,87,N
2007,TOR,162,83,79,N
2007,WAS,162,73,89,N
2008,ARI,162,82,80,N
2008,ATL,162,72,90,N
2008,BAL,161,68,93,N
2008,BOS,162,95,67,N
2008,CHA,163,89,74,N
2008,CHN,161,97,64,N
2008,CIN,162,74,88,N
2008,CLE,162,81,81,N
2008,COL,162,74,88,N
2008,DET,162,74,88,N
2008,FLO,161,84,77,N
2008,HOU,161,86,75,N
2008,KCA,162,75,87,N
2008,LAA,162,100,62,N
2008,LAN,162,84,78,N
2008,MIL,162,90,72,N
2008,MIN,163,88,75,N
2008,NYA,162,89,73,N
2008,NYN,162,89,73,N
2008,OAK,161,75,86,N
2008,PHI,162,92,70,Y
2008,PIT,162,67,95,N
2008,SDN,162,63,99,N
2008,SEA,162,61,101,N
2008,SFN,162,72,90,N
2008,SLN,162,86,76,N
2008,TBA,162,97,65,N
2008,TEX,162,79,83,N
2008,TOR,162,86,76,N
2008,WAS,161,59,102,N
2009,ARI,162,70,92,N
2009,ATL,162,86,76,N
2009,BAL,162,64,98,N
2009,BOS,162,95,67,N
2009,CHA,162,79,83,N
2009,CHN,161,83,78,N
2009,CIN,162,78,84,N
2009,CLE,162,65,97,N
2009,COL,162,92,70,N
2009,DET,163,86,77,N
2009,FLO,162,87,75,N
2009,HOU,162,74,88,N
2009,KCA,162,65,97,N
2009,LAA,162,97,65,N
2009,LAN,162,95,67,N
2009,MIL,162,80,82,N
2009,MIN,163,87,76,N
2009,NYA,162,103,59,Y
2009,NYN,162,70,92,N
2009,OAK,162,75,87,N
2009,PHI,162,93,69,N
2009,PIT,161,62,99,N
2009,SDN,162,75,87,N
2009,SEA,162,85,77,N
2009,SFN,162,88,74,N
2009,SLN,162,91,71,N
2009,TBA,162,84,78,N
2009,TEX,162,87,75,N
2009,TOR,162,75,87,N
2009,WAS,162,59,103,N
2010,ARI,162,65,97,N
2010,ATL,162,91,71,N
2010,BAL,162,66,96,N
2010,BOS,162,89,73,N
2010,CHA,162,88,74,N
2010,CHN,162,75,87,N
2010,CIN,162,91,71,N
2010,CLE,162,69,93,N
2010,COL,162,83,79,N
2010,DET,162,81,81,N
2010,FLO,162,80,82,N
2010,HOU,162,76,86,N
2010,KCA,162,67,95,N
2010,LAA,162,80,82,N
2010,LAN,162,80,82,N
2010,MIL,162,77,85,N
2010,MIN,162,94,68,N
2010,NYA,162,95,67,N
2010,NYN,162,79,83,N
2010,OAK,162,81,81,N
2010,PHI,162,97,65,N
2010,PIT,162,57,105,N
2010,SDN,162,90,72,N
2010,SEA,162,61,101,N
2010,SFN,162,92,70,Y
2010,SLN,162,86,76,N
2010,TBA,162,96,66,N
2010,TEX,162,90,72,N
2010,TOR,162,85,77,N
2010,WAS,162,69,93,N
2011,ARI,162,94,68,N
2011,ATL,162,89,73,N
2011,BAL,162,69,93,N
2011,BOS,162,90,72,N
2011,CHA,162,79,83,N
2011,CHN,162,71,91,N
2011,CIN,162,79,83,N
2011,CLE,162,80,82,N
2011,COL,162,73,89,N
2011,DET,162,95,67,N
2011,FLO,162,72,90,N
2011,HOU,162,56,106,N
2011,KCA,162,71,91,N
2011,LAA,162,86,76,N
2011,LAN,161,82,79,N
2011,MIL,162,96,66,N
2011,MIN,162,63,99,N
2011,NYA,162,97,65,N
2011,NYN,162,77,85,N
2011,OAK,162,74,88,N
2011,PHI,162,102,60,N
2011,PIT,162,72,90,N
2011,SDN,162,71,91,N
2011,SEA,162,67,95,N
2011,SFN,162,86,76,N
2011,SLN,162,90,72,Y
2011,TBA,162,91,71,N
2011,TEX,162,96,66,N
2011,TOR,162,81,81,N
2011,WAS,161,80,81,N
2012,ARI,162,81,81,N
2012,ATL,162,94,68,N
2012,BAL,162,93,69,N
2012,BOS,162,69,93,N
2012,CHA,162,85,77,N
2012,CHN,162,61,101,N
2012,CIN,162,97,65,N
2012,CLE,162,68,94,N
2012,COL,162,64,98,N
2012,DET,162,88,74,N
2012,HOU,162,55,107,N
2012,KCA,162,72,90,N
2012,LAA,162,89,73,N
2012,LAN,162,86,76,N
2012,MIA,162,69,93,N
2012,MIL,162,83,79,N
2012,MIN,162,66,96,N
2012,NYA,162,95,67,N
2012,NYN,162,74,88,N
2012,OAK,162,94,68,N
2012,PHI,162,81,81,N
2012,PIT,162,79,83,N
2012,SDN,162,76,86,N
2012,SEA,162,75,87,N
2012,SFN,162,94,68,Y
2012,SLN,162,88,74,N
2012,TBA,162,90,72,N
2012,TEX,162,93,69,N
2012,TOR,162,73,89,N
2012,WAS,162,98,64,N
2013,ARI,162,81,81,N
2013,ATL,162,96,66,N
2013,BAL,162,85,77,N
2013,BOS,162,97,65,Y
2013,CHA,162,63,99,N
2013,CHN,162,66,96,N
2013,CIN,162,90,72,N
2013,CLE,162,92,70,N
2013,COL,162,74,88,N
2013,DET,162,93,69,N
2013,HOU,162,51,111,N
2013,KCA,162,86,76,N
2013,LAA,162,78,84,N
2013,LAN,162,92,70,N
2013,MIA,162,62,100,N
2013,MIL,162,74,88,N
2013,MIN,162,66,96,N
2013,NYA,162,85,77,N
2013,NYN,162,74,88,N
2013,OAK,162,96,66,N
2013,PHI,162,73,89,N
2013,PIT,162,94,68,N
2013,SDN,162,76,86,N
2013,SEA,162,71,91,N
2013,SFN,162,76,86,N
2013,SLN,162,97,65,N
2013,TBA,163,92,71,N
2013,TEX,163,91,72,N
2013,TOR,162,74,88,N
2013,WAS,162,86,76,N
2014,ARI,162,64,98,N
2014,ATL,162,79,83,N
2014,BAL,162,96,66,N
2014,BOS,162,71,91,N
2014,CHA,162,73,89,N
2014,CHN,162,73,89,N
2014,CIN,162,76,86,N
2014,CLE,162,85,77,N
2014,COL,162,66,96,N
2014,DET,162,90,72,N
2014,HOU,162,70,92,N
2014,KCA,162,89,73,N
2014,LAA,162,98,64,N
2014,LAN,162,94,68,N
2014,MIA,162,77,85,N
2014,MIL,162,82,80,N
2014,MIN,162,70,92,N
2014,NYA,162,84,78,N
2014,NYN,162,79,83,N
2014,OAK,162,88,74,N
2014,PHI,162,73,89,N
2014,PIT,162,88,74,N
2014,SDN,162,77,85,N
2014,SEA,162,87,75,N
2014,SFN,162,88,74,Y
2014,SLN,162,90,72,N
2014,TBA,162,77,85,N
2014,TEX,162,67,95,N
2014,TOR,162,83,79,N
2014,WAS,162,96,66,N
2015,ARI,162,79,83,N
2015,ATL,162,67,95,N
2015,BAL,162,81,81,N
2015,BOS,162,78,84,N
2015,CHA,162,76,86,N
2015,CHN,162,97,65,N
2015,CIN,162,64,98,N
2015,CLE,161,81,80,N
2015,COL,162,68,94,N
2015,DET,161,74,87,N
2015,HOU,162,86,76,N
2015,KCA,162,95,67,Y
2015,LAA,162,85,77,N
2015,LAN,162,92,70,N
2015,MIA,162,71,91,N
2015,MIL,162,68,94,N
2015,MIN,162,83,79,N
2015,NYA,162,87,75,N
2015,NYN,162,90,72,N
2015,OAK,162,68,94,N
2015,PHI,162,63,99,N
2015,PIT,162,98,64,N
2015,SDN,162,74,88,N
2015,SEA,162,76,86,N
2015,SFN,162,84,78,N
2015,SLN,162,100,62,N
2015,TBA,162,80,82,N
2015,TEX,162,88,74,N
2015,TOR,162,93,69,N
2015,WAS,162,83,79,N
2016,ARI,162,69,93,N
2016,ATL,161,68,93,N
2016,BAL,162,89,73,N
2016,BOS,162,93,69,N
2016,CHA,162,78,84,N
2016,CHN,162,103,58,Y
2016,CIN,162,68,94,N
2016,CLE,161,94,67,N
2016,COL,162,75,87,N
2016,DET,161,86,75,N
2016,HOU,162,84,78,N
2016,KCA,162,81,81,N
2016,LAA,162,74,88,N
2016,LAN,162,91,71,N
2016,MIA,161,79,82,N
2016,MIL,162,73,89,N
2016,MIN,162,59,103,N
2016,NYA,162,84,78,N
2016,NYN,162,87,75,N
2016,OAK,162,69,93,N
2016,PHI,162,71,91,N
2016,PIT,162,78,83,N
2016,SDN,162,68,94,N
2016,SEA,162,86,76,N
2016,SFN,162,87,75,N
2016,SLN,162,86,76,N
2016,TBA,162,68,94,N
2016,TEX,162,95,67,N
2016,TOR,162,89,73,N
2016,WAS,162,95,67,N
2017,ARI,162,93,69,N
2017,ATL,162,72,90,N
2017,BAL,162,75,87,N
2017,BOS,162,93,69,N
2017,CHA,162,67,95,N
2017,CHN,162,92,70,N
2017,CIN,162,68,94,N
2017,CLE,162,102,60,N
2017,COL,162,87,75,N
2017,DET,162,64,98,N
2017,HOU,162,101,61,Y
2017,KCA,162,80,82,N
2017,LAA,162,80,82,N
2017,LAN,162,104,58,N
2017,MIA,162,77,85,N
2017,MIL,162,86,76,N
2017,MIN,162,85,77,N
2017,NYA,162,91,71,N
2017,NYN,162,70,92,N
2017,OAK,162,75,87,N
2017,PHI,162,66,96,N
2017,PIT,162,75,87,N
2017,SDN,162,71,91,N
2017,SEA,162,78,84,N
2017,SFN,162,64,98,N
2017,SLN,162,83,79,N
2017,TBA,162,80,82,N
2017,TEX,162,78,84,N
2017,TOR,162,76,86,N
2017,WAS,162,97,65,N
2018,ARI,162,82,80,N
2018,ATL,162,90,72,N
2018,BAL,162,47,115,N
2018,BOS,162,108,54,Y
2018,CHA,162,62,100,N
2018,CHN,163,95,68,N
2018,CIN,162,67,95,N
2018,CLE,162,91,71,N
2018,COL,163,91,72,N
2018,DET,162,64,98,N
2018,HOU,162,103,59,N
2018,KCA,162,58,104,N
2018,LAA,162,80,82,N
2018,LAN,163,92,71,N
2018,MIA,161,63,98,N
2018,MIL,163,96,67,N
2018,MIN,162,78,84,N
2018,NYA,162,100,62,N
2018,NYN,162,77,85,N
2018,OAK,162,97,65,N
2018,PHI,162,80,82,N
2018,PIT,161,82,79,N
2018,SDN,162,66,96,N
2018,SEA,162,89,73,N
2018,SFN,162,73,89,N
2018,SLN,162,88,74,N
2018,TBA,162,90,72,N
2018,TEX,162,67,95,N
2018,TOR,162,73,89,N
2018,WAS,162,82,80,N
